<?xml version="1.0" encoding="UTF-8" ?>
<!-- This is a WordPress eXtended RSS file generated by WordPress as an export of your site. -->
<!-- It contains information about your site's posts, pages, comments, categories, and other content. -->
<!-- You may use this file to transfer that content from one site to another. -->
<!-- This file is not intended to serve as a complete backup of your site. -->

<!-- To import this information into a WordPress site follow these steps: -->
<!-- 1. Log in to that site as an administrator. -->
<!-- 2. Go to Tools: Import in the WordPress admin panel. -->
<!-- 3. Install the "WordPress" importer from the list. -->
<!-- 4. Activate & Run Importer. -->
<!-- 5. Upload this file using the form provided on that page. -->
<!-- 6. You will first be asked to map the authors in this export file to users -->
<!--    on the site. For each author, you may choose to map to an -->
<!--    existing user on the site or to create a new user. -->
<!-- 7. WordPress will then import each of the posts, pages, comments, categories, etc. -->
<!--    contained in this file into your site. -->


<rss version="2.0"
	xmlns:excerpt="http://wordpress.org/export/1.2/excerpt/"
	xmlns:content="http://purl.org/rss/1.0/modules/content/"
	xmlns:wfw="http://wellformedweb.org/CommentAPI/"
	xmlns:dc="http://purl.org/dc/elements/1.1/"
	xmlns:wp="http://wordpress.org/export/1.2/"
>

<channel>
	<title>Freedom</title>
	<link>https://demo.themegrill.com/freedom</link>
	<description>On the other side of fear lies freedom</description>
	<pubDate>Fri, 23 Mar 2018 06:49:45 +0000</pubDate>
	<language>en-US</language>
	<wp:wxr_version>1.2</wp:wxr_version>
	<wp:base_site_url>http://demo.themegrill.com/</wp:base_site_url>
	<wp:base_blog_url>https://demo.themegrill.com/freedom</wp:base_blog_url>

	<wp:author><wp:author_id>1</wp:author_id><wp:author_login><![CDATA[demo@themegrill]]></wp:author_login><wp:author_email><![CDATA[themegrill@gmail.com]]></wp:author_email><wp:author_display_name><![CDATA[TG-Demo Team]]></wp:author_display_name><wp:author_first_name><![CDATA[TG-Demo]]></wp:author_first_name><wp:author_last_name><![CDATA[Team]]></wp:author_last_name></wp:author>
	<wp:author><wp:author_id>30</wp:author_id><wp:author_login><![CDATA[themeeditor]]></wp:author_login><wp:author_email><![CDATA[support@themegrill.com]]></wp:author_email><wp:author_display_name><![CDATA[TG-Demo Team]]></wp:author_display_name><wp:author_first_name><![CDATA[TG-Demo]]></wp:author_first_name><wp:author_last_name><![CDATA[Team]]></wp:author_last_name></wp:author>

	<wp:category>
		<wp:term_id>1</wp:term_id>
		<wp:category_nicename><![CDATA[uncategorized]]></wp:category_nicename>
		<wp:category_parent><![CDATA[]]></wp:category_parent>
		<wp:cat_name><![CDATA[Uncategorized]]></wp:cat_name>
	</wp:category>
	<wp:term>
		<wp:term_id><![CDATA[2]]></wp:term_id>
		<wp:term_taxonomy><![CDATA[nav_menu]]></wp:term_taxonomy>
		<wp:term_slug><![CDATA[main-menu]]></wp:term_slug>
		<wp:term_parent><![CDATA[]]></wp:term_parent>
		<wp:term_name><![CDATA[Main Menu]]></wp:term_name>
	</wp:term>
	<wp:term>
		<wp:term_id><![CDATA[1]]></wp:term_id>
		<wp:term_taxonomy><![CDATA[category]]></wp:term_taxonomy>
		<wp:term_slug><![CDATA[uncategorized]]></wp:term_slug>
		<wp:term_parent><![CDATA[]]></wp:term_parent>
		<wp:term_name><![CDATA[Uncategorized]]></wp:term_name>
	</wp:term>
	<wp:term><wp:term_id>2</wp:term_id><wp:term_taxonomy>nav_menu</wp:term_taxonomy><wp:term_slug><![CDATA[main-menu]]></wp:term_slug><wp:term_name><![CDATA[Main Menu]]></wp:term_name>
</wp:term>

	
<site xmlns="com-wordpress:feed-additions:1">81115293</site>
	<item>
		<title>forest-grass-lawn-1826.jpg</title>
		<link>https://demo.themegrill.com/freedom/forest-grass-lawn-1826-jpg/</link>
		<pubDate>Tue, 07 Oct 2014 06:16:47 +0000</pubDate>
		<dc:creator><![CDATA[demo@themegrill]]></dc:creator>
		<guid isPermaLink="false">http://demo.themegrill.com/freedom/wp-content/uploads/sites/10/2014/10/forest-grass-lawn-1826.jpg</guid>
		<description></description>
		<content:encoded><![CDATA[http://demo.themegrill.com/freedom/wp-content/uploads/sites/10/2014/10/forest-grass-lawn-1826.jpg]]></content:encoded>
		<excerpt:encoded><![CDATA[]]></excerpt:encoded>
		<wp:post_id>7</wp:post_id>
		<wp:post_date><![CDATA[2014-10-07 06:16:47]]></wp:post_date>
		<wp:post_date_gmt><![CDATA[2014-10-07 06:16:47]]></wp:post_date_gmt>
		<wp:comment_status><![CDATA[open]]></wp:comment_status>
		<wp:ping_status><![CDATA[open]]></wp:ping_status>
		<wp:post_name><![CDATA[forest-grass-lawn-1826-jpg]]></wp:post_name>
		<wp:status><![CDATA[inherit]]></wp:status>
		<wp:post_parent>0</wp:post_parent>
		<wp:menu_order>0</wp:menu_order>
		<wp:post_type><![CDATA[attachment]]></wp:post_type>
		<wp:post_password><![CDATA[]]></wp:post_password>
		<wp:is_sticky>0</wp:is_sticky>
		<wp:attachment_url><![CDATA[https://demo.themegrill.com/freedom/wp-content/uploads/sites/10/2014/10/forest-grass-lawn-1826.jpg]]></wp:attachment_url>
		<wp:postmeta>
			<wp:meta_key><![CDATA[_wp_attached_file]]></wp:meta_key>
			<wp:meta_value><![CDATA[2014/10/forest-grass-lawn-1826.jpg]]></wp:meta_value>
		</wp:postmeta>
		<wp:postmeta>
			<wp:meta_key><![CDATA[_wp_attachment_context]]></wp:meta_key>
			<wp:meta_value><![CDATA[custom-background]]></wp:meta_value>
		</wp:postmeta>
		<wp:postmeta>
			<wp:meta_key><![CDATA[_wp_attachment_metadata]]></wp:meta_key>
			<wp:meta_value><![CDATA[a:5:{s:5:"width";i:1280;s:6:"height";i:853;s:4:"file";s:34:"2014/10/forest-grass-lawn-1826.jpg";s:5:"sizes";a:8:{s:9:"thumbnail";a:4:{s:4:"file";s:34:"forest-grass-lawn-1826-150x150.jpg";s:5:"width";i:150;s:6:"height";i:150;s:9:"mime-type";s:10:"image/jpeg";}s:6:"medium";a:4:{s:4:"file";s:34:"forest-grass-lawn-1826-300x199.jpg";s:5:"width";i:300;s:6:"height";i:199;s:9:"mime-type";s:10:"image/jpeg";}s:5:"large";a:4:{s:4:"file";s:35:"forest-grass-lawn-1826-1024x682.jpg";s:5:"width";i:1024;s:6:"height";i:682;s:9:"mime-type";s:10:"image/jpeg";}s:19:"featured-blog-large";a:4:{s:4:"file";s:34:"forest-grass-lawn-1826-720x300.jpg";s:5:"width";i:720;s:6:"height";i:300;s:9:"mime-type";s:10:"image/jpeg";}s:19:"featured-blog-small";a:4:{s:4:"file";s:34:"forest-grass-lawn-1826-230x230.jpg";s:5:"width";i:230;s:6:"height";i:230;s:9:"mime-type";s:10:"image/jpeg";}s:16:"featured-service";a:4:{s:4:"file";s:34:"forest-grass-lawn-1826-600x330.jpg";s:5:"width";i:600;s:6:"height";i:330;s:9:"mime-type";s:10:"image/jpeg";}s:20:"featured-recent-work";a:4:{s:4:"file";s:34:"forest-grass-lawn-1826-365x365.jpg";s:5:"width";i:365;s:6:"height";i:365;s:9:"mime-type";s:10:"image/jpeg";}s:13:"featured-home";a:4:{s:4:"file";s:34:"forest-grass-lawn-1826-485x400.jpg";s:5:"width";i:485;s:6:"height";i:400;s:9:"mime-type";s:10:"image/jpeg";}}s:10:"image_meta";a:11:{s:8:"aperture";i:0;s:6:"credit";s:0:"";s:6:"camera";s:0:"";s:7:"caption";s:0:"";s:17:"created_timestamp";i:1401563351;s:9:"copyright";s:0:"";s:12:"focal_length";i:0;s:3:"iso";i:0;s:13:"shutter_speed";i:0;s:5:"title";s:0:"";s:11:"orientation";i:0;}}]]></wp:meta_value>
		</wp:postmeta>
		<wp:postmeta>
			<wp:meta_key><![CDATA[_wp_attachment_is_custom_background]]></wp:meta_key>
			<wp:meta_value><![CDATA[freedom]]></wp:meta_value>
		</wp:postmeta>
	</item>
	<item>
		<title>Home</title>
		<link>https://demo.themegrill.com/freedom/home/</link>
		<pubDate>Tue, 07 Oct 2014 06:25:55 +0000</pubDate>
		<dc:creator><![CDATA[demo@themegrill]]></dc:creator>
		<guid isPermaLink="false">http://demo.themegrill.com/freedom/?p=8</guid>
		<description></description>
		<content:encoded><![CDATA[]]></content:encoded>
		<excerpt:encoded><![CDATA[]]></excerpt:encoded>
		<wp:post_id>8</wp:post_id>
		<wp:post_date><![CDATA[2014-10-07 06:25:55]]></wp:post_date>
		<wp:post_date_gmt><![CDATA[2014-10-07 06:25:55]]></wp:post_date_gmt>
		<wp:comment_status><![CDATA[open]]></wp:comment_status>
		<wp:ping_status><![CDATA[closed]]></wp:ping_status>
		<wp:post_name><![CDATA[home]]></wp:post_name>
		<wp:status><![CDATA[publish]]></wp:status>
		<wp:post_parent>0</wp:post_parent>
		<wp:menu_order>1</wp:menu_order>
		<wp:post_type><![CDATA[nav_menu_item]]></wp:post_type>
		<wp:post_password><![CDATA[]]></wp:post_password>
		<wp:is_sticky>0</wp:is_sticky>
		<category domain="nav_menu" nicename="main-menu"><![CDATA[Main Menu]]></category>
		<wp:postmeta>
			<wp:meta_key><![CDATA[_menu_item_type]]></wp:meta_key>
			<wp:meta_value><![CDATA[custom]]></wp:meta_value>
		</wp:postmeta>
		<wp:postmeta>
			<wp:meta_key><![CDATA[_menu_item_menu_item_parent]]></wp:meta_key>
			<wp:meta_value><![CDATA[0]]></wp:meta_value>
		</wp:postmeta>
		<wp:postmeta>
			<wp:meta_key><![CDATA[_menu_item_object_id]]></wp:meta_key>
			<wp:meta_value><![CDATA[8]]></wp:meta_value>
		</wp:postmeta>
		<wp:postmeta>
			<wp:meta_key><![CDATA[_menu_item_object]]></wp:meta_key>
			<wp:meta_value><![CDATA[custom]]></wp:meta_value>
		</wp:postmeta>
		<wp:postmeta>
			<wp:meta_key><![CDATA[_menu_item_target]]></wp:meta_key>
			<wp:meta_value><![CDATA[]]></wp:meta_value>
		</wp:postmeta>
		<wp:postmeta>
			<wp:meta_key><![CDATA[_menu_item_classes]]></wp:meta_key>
			<wp:meta_value><![CDATA[a:1:{i:0;s:0:"";}]]></wp:meta_value>
		</wp:postmeta>
		<wp:postmeta>
			<wp:meta_key><![CDATA[_menu_item_xfn]]></wp:meta_key>
			<wp:meta_value><![CDATA[]]></wp:meta_value>
		</wp:postmeta>
		<wp:postmeta>
			<wp:meta_key><![CDATA[_menu_item_url]]></wp:meta_key>
			<wp:meta_value><![CDATA[http://demo.themegrill.com/freedom/]]></wp:meta_value>
		</wp:postmeta>
		<wp:postmeta>
			<wp:meta_key><![CDATA[_jetpack_dont_email_post_to_subs]]></wp:meta_key>
			<wp:meta_value><![CDATA[1]]></wp:meta_value>
		</wp:postmeta>
	</item>
	<item>
		<title></title>
		<link>https://demo.themegrill.com/freedom/9/</link>
		<pubDate>Tue, 07 Oct 2014 06:25:55 +0000</pubDate>
		<dc:creator><![CDATA[demo@themegrill]]></dc:creator>
		<guid isPermaLink="false">http://demo.themegrill.com/freedom/?p=9</guid>
		<description></description>
		<content:encoded><![CDATA[ ]]></content:encoded>
		<excerpt:encoded><![CDATA[]]></excerpt:encoded>
		<wp:post_id>9</wp:post_id>
		<wp:post_date><![CDATA[2014-10-07 06:25:55]]></wp:post_date>
		<wp:post_date_gmt><![CDATA[2014-10-07 06:25:55]]></wp:post_date_gmt>
		<wp:comment_status><![CDATA[open]]></wp:comment_status>
		<wp:ping_status><![CDATA[closed]]></wp:ping_status>
		<wp:post_name><![CDATA[9]]></wp:post_name>
		<wp:status><![CDATA[publish]]></wp:status>
		<wp:post_parent>0</wp:post_parent>
		<wp:menu_order>8</wp:menu_order>
		<wp:post_type><![CDATA[nav_menu_item]]></wp:post_type>
		<wp:post_password><![CDATA[]]></wp:post_password>
		<wp:is_sticky>0</wp:is_sticky>
		<category domain="nav_menu" nicename="main-menu"><![CDATA[Main Menu]]></category>
		<wp:postmeta>
			<wp:meta_key><![CDATA[_menu_item_type]]></wp:meta_key>
			<wp:meta_value><![CDATA[post_type]]></wp:meta_value>
		</wp:postmeta>
		<wp:postmeta>
			<wp:meta_key><![CDATA[_menu_item_menu_item_parent]]></wp:meta_key>
			<wp:meta_value><![CDATA[0]]></wp:meta_value>
		</wp:postmeta>
		<wp:postmeta>
			<wp:meta_key><![CDATA[_menu_item_object_id]]></wp:meta_key>
			<wp:meta_value><![CDATA[2]]></wp:meta_value>
		</wp:postmeta>
		<wp:postmeta>
			<wp:meta_key><![CDATA[_menu_item_object]]></wp:meta_key>
			<wp:meta_value><![CDATA[page]]></wp:meta_value>
		</wp:postmeta>
		<wp:postmeta>
			<wp:meta_key><![CDATA[_menu_item_target]]></wp:meta_key>
			<wp:meta_value><![CDATA[]]></wp:meta_value>
		</wp:postmeta>
		<wp:postmeta>
			<wp:meta_key><![CDATA[_menu_item_classes]]></wp:meta_key>
			<wp:meta_value><![CDATA[a:1:{i:0;s:0:"";}]]></wp:meta_value>
		</wp:postmeta>
		<wp:postmeta>
			<wp:meta_key><![CDATA[_menu_item_xfn]]></wp:meta_key>
			<wp:meta_value><![CDATA[]]></wp:meta_value>
		</wp:postmeta>
		<wp:postmeta>
			<wp:meta_key><![CDATA[_menu_item_url]]></wp:meta_key>
			<wp:meta_value><![CDATA[]]></wp:meta_value>
		</wp:postmeta>
		<wp:postmeta>
			<wp:meta_key><![CDATA[_jetpack_dont_email_post_to_subs]]></wp:meta_key>
			<wp:meta_value><![CDATA[1]]></wp:meta_value>
		</wp:postmeta>
	</item>
	<item>
		<title>photographer</title>
		<link>https://demo.themegrill.com/freedom/photographer/</link>
		<pubDate>Tue, 21 Oct 2014 10:20:33 +0000</pubDate>
		<dc:creator><![CDATA[demo@themegrill]]></dc:creator>
		<guid isPermaLink="false">http://demo.themegrill.com/freedom/wp-content/uploads/sites/10/2014/10/photographer.jpg</guid>
		<description></description>
		<content:encoded><![CDATA[]]></content:encoded>
		<excerpt:encoded><![CDATA[]]></excerpt:encoded>
		<wp:post_id>16</wp:post_id>
		<wp:post_date><![CDATA[2014-10-21 10:20:33]]></wp:post_date>
		<wp:post_date_gmt><![CDATA[2014-10-21 10:20:33]]></wp:post_date_gmt>
		<wp:comment_status><![CDATA[open]]></wp:comment_status>
		<wp:ping_status><![CDATA[open]]></wp:ping_status>
		<wp:post_name><![CDATA[photographer]]></wp:post_name>
		<wp:status><![CDATA[inherit]]></wp:status>
		<wp:post_parent>0</wp:post_parent>
		<wp:menu_order>0</wp:menu_order>
		<wp:post_type><![CDATA[attachment]]></wp:post_type>
		<wp:post_password><![CDATA[]]></wp:post_password>
		<wp:is_sticky>0</wp:is_sticky>
		<wp:attachment_url><![CDATA[https://demo.themegrill.com/freedom/wp-content/uploads/sites/10/2014/10/photographer.jpg]]></wp:attachment_url>
		<wp:postmeta>
			<wp:meta_key><![CDATA[_wp_attached_file]]></wp:meta_key>
			<wp:meta_value><![CDATA[2014/10/photographer.jpg]]></wp:meta_value>
		</wp:postmeta>
		<wp:postmeta>
			<wp:meta_key><![CDATA[_wp_attachment_metadata]]></wp:meta_key>
			<wp:meta_value><![CDATA[a:5:{s:5:"width";i:660;s:6:"height";i:300;s:4:"file";s:24:"2014/10/photographer.jpg";s:5:"sizes";a:3:{s:9:"thumbnail";a:4:{s:4:"file";s:24:"photographer-150x150.jpg";s:5:"width";i:150;s:6:"height";i:150;s:9:"mime-type";s:10:"image/jpeg";}s:6:"medium";a:4:{s:4:"file";s:24:"photographer-300x136.jpg";s:5:"width";i:300;s:6:"height";i:136;s:9:"mime-type";s:10:"image/jpeg";}s:13:"featured-home";a:4:{s:4:"file";s:24:"photographer-485x300.jpg";s:5:"width";i:485;s:6:"height";i:300;s:9:"mime-type";s:10:"image/jpeg";}}s:10:"image_meta";a:11:{s:8:"aperture";i:0;s:6:"credit";s:0:"";s:6:"camera";s:0:"";s:7:"caption";s:0:"";s:17:"created_timestamp";i:0;s:9:"copyright";s:0:"";s:12:"focal_length";i:0;s:3:"iso";i:0;s:13:"shutter_speed";i:0;s:5:"title";s:0:"";s:11:"orientation";i:0;}}]]></wp:meta_value>
		</wp:postmeta>
	</item>
	<item>
		<title>man-489744_1280</title>
		<link>https://demo.themegrill.com/freedom/fisherman-back-home/man-489744_1280/</link>
		<pubDate>Tue, 21 Oct 2014 10:39:02 +0000</pubDate>
		<dc:creator><![CDATA[demo@themegrill]]></dc:creator>
		<guid isPermaLink="false">http://demo.themegrill.com/freedom/wp-content/uploads/sites/10/2014/10/man-489744_1280.jpg</guid>
		<description></description>
		<content:encoded><![CDATA[]]></content:encoded>
		<excerpt:encoded><![CDATA[]]></excerpt:encoded>
		<wp:post_id>18</wp:post_id>
		<wp:post_date><![CDATA[2014-10-21 10:39:02]]></wp:post_date>
		<wp:post_date_gmt><![CDATA[2014-10-21 10:39:02]]></wp:post_date_gmt>
		<wp:comment_status><![CDATA[open]]></wp:comment_status>
		<wp:ping_status><![CDATA[open]]></wp:ping_status>
		<wp:post_name><![CDATA[man-489744_1280]]></wp:post_name>
		<wp:status><![CDATA[inherit]]></wp:status>
		<wp:post_parent>13</wp:post_parent>
		<wp:menu_order>0</wp:menu_order>
		<wp:post_type><![CDATA[attachment]]></wp:post_type>
		<wp:post_password><![CDATA[]]></wp:post_password>
		<wp:is_sticky>0</wp:is_sticky>
		<wp:attachment_url><![CDATA[https://demo.themegrill.com/freedom/wp-content/uploads/sites/10/2014/10/man-489744_1280.jpg]]></wp:attachment_url>
		<wp:postmeta>
			<wp:meta_key><![CDATA[_wp_attached_file]]></wp:meta_key>
			<wp:meta_value><![CDATA[2014/10/man-489744_1280.jpg]]></wp:meta_value>
		</wp:postmeta>
		<wp:postmeta>
			<wp:meta_key><![CDATA[_wp_attachment_metadata]]></wp:meta_key>
			<wp:meta_value><![CDATA[a:5:{s:5:"width";i:1280;s:6:"height";i:853;s:4:"file";s:27:"2014/10/man-489744_1280.jpg";s:5:"sizes";a:5:{s:9:"thumbnail";a:4:{s:4:"file";s:27:"man-489744_1280-150x150.jpg";s:5:"width";i:150;s:6:"height";i:150;s:9:"mime-type";s:10:"image/jpeg";}s:6:"medium";a:4:{s:4:"file";s:27:"man-489744_1280-300x199.jpg";s:5:"width";i:300;s:6:"height";i:199;s:9:"mime-type";s:10:"image/jpeg";}s:5:"large";a:4:{s:4:"file";s:28:"man-489744_1280-1024x682.jpg";s:5:"width";i:1024;s:6:"height";i:682;s:9:"mime-type";s:10:"image/jpeg";}s:8:"featured";a:4:{s:4:"file";s:27:"man-489744_1280-660x300.jpg";s:5:"width";i:660;s:6:"height";i:300;s:9:"mime-type";s:10:"image/jpeg";}s:13:"featured-home";a:4:{s:4:"file";s:27:"man-489744_1280-485x400.jpg";s:5:"width";i:485;s:6:"height";i:400;s:9:"mime-type";s:10:"image/jpeg";}}s:10:"image_meta";a:11:{s:8:"aperture";i:0;s:6:"credit";s:0:"";s:6:"camera";s:0:"";s:7:"caption";s:0:"";s:17:"created_timestamp";i:0;s:9:"copyright";s:0:"";s:12:"focal_length";i:0;s:3:"iso";i:0;s:13:"shutter_speed";i:0;s:5:"title";s:0:"";s:11:"orientation";i:0;}}]]></wp:meta_value>
		</wp:postmeta>
	</item>
	<item>
		<title>man-489744_1280</title>
		<link>https://demo.themegrill.com/freedom/fisherman-back-home/man-489744_1280-2/</link>
		<pubDate>Tue, 21 Oct 2014 10:39:41 +0000</pubDate>
		<dc:creator><![CDATA[demo@themegrill]]></dc:creator>
		<guid isPermaLink="false">http://demo.themegrill.com/freedom/wp-content/uploads/sites/10/2014/10/man-489744_12801.jpg</guid>
		<description></description>
		<content:encoded><![CDATA[]]></content:encoded>
		<excerpt:encoded><![CDATA[]]></excerpt:encoded>
		<wp:post_id>19</wp:post_id>
		<wp:post_date><![CDATA[2014-10-21 10:39:41]]></wp:post_date>
		<wp:post_date_gmt><![CDATA[2014-10-21 10:39:41]]></wp:post_date_gmt>
		<wp:comment_status><![CDATA[open]]></wp:comment_status>
		<wp:ping_status><![CDATA[open]]></wp:ping_status>
		<wp:post_name><![CDATA[man-489744_1280-2]]></wp:post_name>
		<wp:status><![CDATA[inherit]]></wp:status>
		<wp:post_parent>13</wp:post_parent>
		<wp:menu_order>0</wp:menu_order>
		<wp:post_type><![CDATA[attachment]]></wp:post_type>
		<wp:post_password><![CDATA[]]></wp:post_password>
		<wp:is_sticky>0</wp:is_sticky>
		<wp:attachment_url><![CDATA[https://demo.themegrill.com/freedom/wp-content/uploads/sites/10/2014/10/man-489744_12801-e1413887998839.jpg]]></wp:attachment_url>
		<wp:postmeta>
			<wp:meta_key><![CDATA[_wp_attached_file]]></wp:meta_key>
			<wp:meta_value><![CDATA[2014/10/man-489744_12801-e1413887998839.jpg]]></wp:meta_value>
		</wp:postmeta>
		<wp:postmeta>
			<wp:meta_key><![CDATA[_wp_attachment_metadata]]></wp:meta_key>
			<wp:meta_value><![CDATA[a:5:{s:5:"width";i:768;s:6:"height";i:512;s:4:"file";s:43:"2014/10/man-489744_12801-e1413887998839.jpg";s:5:"sizes";a:5:{s:9:"thumbnail";a:4:{s:4:"file";s:28:"man-489744_12801-150x150.jpg";s:5:"width";i:150;s:6:"height";i:150;s:9:"mime-type";s:10:"image/jpeg";}s:6:"medium";a:4:{s:4:"file";s:28:"man-489744_12801-300x199.jpg";s:5:"width";i:300;s:6:"height";i:199;s:9:"mime-type";s:10:"image/jpeg";}s:5:"large";a:4:{s:4:"file";s:29:"man-489744_12801-1024x682.jpg";s:5:"width";i:1024;s:6:"height";i:682;s:9:"mime-type";s:10:"image/jpeg";}s:8:"featured";a:4:{s:4:"file";s:28:"man-489744_12801-660x300.jpg";s:5:"width";i:660;s:6:"height";i:300;s:9:"mime-type";s:10:"image/jpeg";}s:13:"featured-home";a:4:{s:4:"file";s:28:"man-489744_12801-485x400.jpg";s:5:"width";i:485;s:6:"height";i:400;s:9:"mime-type";s:10:"image/jpeg";}}s:10:"image_meta";a:11:{s:8:"aperture";i:0;s:6:"credit";s:0:"";s:6:"camera";s:0:"";s:7:"caption";s:0:"";s:17:"created_timestamp";i:0;s:9:"copyright";s:0:"";s:12:"focal_length";i:0;s:3:"iso";i:0;s:13:"shutter_speed";i:0;s:5:"title";s:0:"";s:11:"orientation";i:0;}}]]></wp:meta_value>
		</wp:postmeta>
		<wp:postmeta>
			<wp:meta_key><![CDATA[_wp_attachment_backup_sizes]]></wp:meta_key>
			<wp:meta_value><![CDATA[a:1:{s:9:"full-orig";a:3:{s:5:"width";i:1280;s:6:"height";i:853;s:4:"file";s:20:"man-489744_12801.jpg";}}]]></wp:meta_value>
		</wp:postmeta>
	</item>
	<item>
		<title>man-489744_1280</title>
		<link>https://demo.themegrill.com/freedom/man-489744_1280-3/</link>
		<pubDate>Tue, 21 Oct 2014 10:44:04 +0000</pubDate>
		<dc:creator><![CDATA[demo@themegrill]]></dc:creator>
		<guid isPermaLink="false">http://demo.themegrill.com/freedom/wp-content/uploads/sites/10/2014/10/man-489744_12802.jpg</guid>
		<description></description>
		<content:encoded><![CDATA[]]></content:encoded>
		<excerpt:encoded><![CDATA[]]></excerpt:encoded>
		<wp:post_id>22</wp:post_id>
		<wp:post_date><![CDATA[2014-10-21 10:44:04]]></wp:post_date>
		<wp:post_date_gmt><![CDATA[2014-10-21 10:44:04]]></wp:post_date_gmt>
		<wp:comment_status><![CDATA[open]]></wp:comment_status>
		<wp:ping_status><![CDATA[open]]></wp:ping_status>
		<wp:post_name><![CDATA[man-489744_1280-3]]></wp:post_name>
		<wp:status><![CDATA[inherit]]></wp:status>
		<wp:post_parent>0</wp:post_parent>
		<wp:menu_order>0</wp:menu_order>
		<wp:post_type><![CDATA[attachment]]></wp:post_type>
		<wp:post_password><![CDATA[]]></wp:post_password>
		<wp:is_sticky>0</wp:is_sticky>
		<wp:attachment_url><![CDATA[https://demo.themegrill.com/freedom/wp-content/uploads/sites/10/2014/10/man-489744_12802-e1413888282934.jpg]]></wp:attachment_url>
		<wp:postmeta>
			<wp:meta_key><![CDATA[_wp_attached_file]]></wp:meta_key>
			<wp:meta_value><![CDATA[2014/10/man-489744_12802-e1413888282934.jpg]]></wp:meta_value>
		</wp:postmeta>
		<wp:postmeta>
			<wp:meta_key><![CDATA[_wp_attachment_metadata]]></wp:meta_key>
			<wp:meta_value><![CDATA[a:5:{s:5:"width";i:660;s:6:"height";i:300;s:4:"file";s:43:"2014/10/man-489744_12802-e1413888282934.jpg";s:5:"sizes";a:5:{s:9:"thumbnail";a:4:{s:4:"file";s:43:"man-489744_12802-e1413888282934-150x150.jpg";s:5:"width";i:150;s:6:"height";i:150;s:9:"mime-type";s:10:"image/jpeg";}s:6:"medium";a:4:{s:4:"file";s:43:"man-489744_12802-e1413888282934-300x136.jpg";s:5:"width";i:300;s:6:"height";i:136;s:9:"mime-type";s:10:"image/jpeg";}s:5:"large";a:4:{s:4:"file";s:29:"man-489744_12802-1024x682.jpg";s:5:"width";i:1024;s:6:"height";i:682;s:9:"mime-type";s:10:"image/jpeg";}s:8:"featured";a:4:{s:4:"file";s:28:"man-489744_12802-660x300.jpg";s:5:"width";i:660;s:6:"height";i:300;s:9:"mime-type";s:10:"image/jpeg";}s:13:"featured-home";a:4:{s:4:"file";s:43:"man-489744_12802-e1413888282934-485x300.jpg";s:5:"width";i:485;s:6:"height";i:300;s:9:"mime-type";s:10:"image/jpeg";}}s:10:"image_meta";a:11:{s:8:"aperture";i:0;s:6:"credit";s:0:"";s:6:"camera";s:0:"";s:7:"caption";s:0:"";s:17:"created_timestamp";i:0;s:9:"copyright";s:0:"";s:12:"focal_length";i:0;s:3:"iso";i:0;s:13:"shutter_speed";i:0;s:5:"title";s:0:"";s:11:"orientation";i:0;}}]]></wp:meta_value>
		</wp:postmeta>
		<wp:postmeta>
			<wp:meta_key><![CDATA[_wp_attachment_backup_sizes]]></wp:meta_key>
			<wp:meta_value><![CDATA[a:7:{s:9:"full-orig";a:3:{s:5:"width";i:1280;s:6:"height";i:853;s:4:"file";s:20:"man-489744_12802.jpg";}s:18:"full-1413888282934";a:3:{s:5:"width";i:660;s:6:"height";i:440;s:4:"file";s:35:"man-489744_12802-e1413888258227.jpg";}s:14:"thumbnail-orig";a:4:{s:4:"file";s:28:"man-489744_12802-150x150.jpg";s:5:"width";i:150;s:6:"height";i:150;s:9:"mime-type";s:10:"image/jpeg";}s:11:"medium-orig";a:4:{s:4:"file";s:28:"man-489744_12802-300x199.jpg";s:5:"width";i:300;s:6:"height";i:199;s:9:"mime-type";s:10:"image/jpeg";}s:10:"large-orig";a:4:{s:4:"file";s:29:"man-489744_12802-1024x682.jpg";s:5:"width";i:1024;s:6:"height";i:682;s:9:"mime-type";s:10:"image/jpeg";}s:13:"featured-orig";a:4:{s:4:"file";s:28:"man-489744_12802-660x300.jpg";s:5:"width";i:660;s:6:"height";i:300;s:9:"mime-type";s:10:"image/jpeg";}s:18:"featured-home-orig";a:4:{s:4:"file";s:28:"man-489744_12802-485x400.jpg";s:5:"width";i:485;s:6:"height";i:400;s:9:"mime-type";s:10:"image/jpeg";}}]]></wp:meta_value>
		</wp:postmeta>
	</item>
	<item>
		<title>the-sun-470317_1280</title>
		<link>https://demo.themegrill.com/freedom/still-long-way-to-go/the-sun-470317_1280/</link>
		<pubDate>Tue, 21 Oct 2014 10:53:52 +0000</pubDate>
		<dc:creator><![CDATA[demo@themegrill]]></dc:creator>
		<guid isPermaLink="false">http://demo.themegrill.com/freedom/wp-content/uploads/sites/10/2014/10/the-sun-470317_1280.jpg</guid>
		<description></description>
		<content:encoded><![CDATA[]]></content:encoded>
		<excerpt:encoded><![CDATA[]]></excerpt:encoded>
		<wp:post_id>25</wp:post_id>
		<wp:post_date><![CDATA[2014-10-21 10:53:52]]></wp:post_date>
		<wp:post_date_gmt><![CDATA[2014-10-21 10:53:52]]></wp:post_date_gmt>
		<wp:comment_status><![CDATA[open]]></wp:comment_status>
		<wp:ping_status><![CDATA[open]]></wp:ping_status>
		<wp:post_name><![CDATA[the-sun-470317_1280]]></wp:post_name>
		<wp:status><![CDATA[inherit]]></wp:status>
		<wp:post_parent>24</wp:post_parent>
		<wp:menu_order>0</wp:menu_order>
		<wp:post_type><![CDATA[attachment]]></wp:post_type>
		<wp:post_password><![CDATA[]]></wp:post_password>
		<wp:is_sticky>0</wp:is_sticky>
		<wp:attachment_url><![CDATA[https://demo.themegrill.com/freedom/wp-content/uploads/sites/10/2014/10/the-sun-470317_1280-e1413888849869.jpg]]></wp:attachment_url>
		<wp:postmeta>
			<wp:meta_key><![CDATA[_wp_attached_file]]></wp:meta_key>
			<wp:meta_value><![CDATA[2014/10/the-sun-470317_1280-e1413888849869.jpg]]></wp:meta_value>
		</wp:postmeta>
		<wp:postmeta>
			<wp:meta_key><![CDATA[_wp_attachment_metadata]]></wp:meta_key>
			<wp:meta_value><![CDATA[a:5:{s:5:"width";i:768;s:6:"height";i:768;s:4:"file";s:46:"2014/10/the-sun-470317_1280-e1413888849869.jpg";s:5:"sizes";a:5:{s:9:"thumbnail";a:4:{s:4:"file";s:31:"the-sun-470317_1280-150x150.jpg";s:5:"width";i:150;s:6:"height";i:150;s:9:"mime-type";s:10:"image/jpeg";}s:6:"medium";a:4:{s:4:"file";s:31:"the-sun-470317_1280-300x300.jpg";s:5:"width";i:300;s:6:"height";i:300;s:9:"mime-type";s:10:"image/jpeg";}s:5:"large";a:4:{s:4:"file";s:33:"the-sun-470317_1280-1024x1024.jpg";s:5:"width";i:1024;s:6:"height";i:1024;s:9:"mime-type";s:10:"image/jpeg";}s:8:"featured";a:4:{s:4:"file";s:31:"the-sun-470317_1280-660x300.jpg";s:5:"width";i:660;s:6:"height";i:300;s:9:"mime-type";s:10:"image/jpeg";}s:13:"featured-home";a:4:{s:4:"file";s:31:"the-sun-470317_1280-485x400.jpg";s:5:"width";i:485;s:6:"height";i:400;s:9:"mime-type";s:10:"image/jpeg";}}s:10:"image_meta";a:11:{s:8:"aperture";i:0;s:6:"credit";s:0:"";s:6:"camera";s:0:"";s:7:"caption";s:0:"";s:17:"created_timestamp";i:0;s:9:"copyright";s:0:"";s:12:"focal_length";i:0;s:3:"iso";i:0;s:13:"shutter_speed";i:0;s:5:"title";s:0:"";s:11:"orientation";i:0;}}]]></wp:meta_value>
		</wp:postmeta>
		<wp:postmeta>
			<wp:meta_key><![CDATA[_wp_attachment_backup_sizes]]></wp:meta_key>
			<wp:meta_value><![CDATA[a:1:{s:9:"full-orig";a:3:{s:5:"width";i:1280;s:6:"height";i:1280;s:4:"file";s:23:"the-sun-470317_1280.jpg";}}]]></wp:meta_value>
		</wp:postmeta>
	</item>
	<item>
		<title></title>
		<link>https://demo.themegrill.com/freedom/35/</link>
		<pubDate>Tue, 21 Oct 2014 15:36:08 +0000</pubDate>
		<dc:creator><![CDATA[demo@themegrill]]></dc:creator>
		<guid isPermaLink="false">http://demo.themegrill.com/freedom/?p=35</guid>
		<description></description>
		<content:encoded><![CDATA[ ]]></content:encoded>
		<excerpt:encoded><![CDATA[]]></excerpt:encoded>
		<wp:post_id>35</wp:post_id>
		<wp:post_date><![CDATA[2014-10-21 15:36:08]]></wp:post_date>
		<wp:post_date_gmt><![CDATA[2014-10-21 15:36:08]]></wp:post_date_gmt>
		<wp:comment_status><![CDATA[open]]></wp:comment_status>
		<wp:ping_status><![CDATA[closed]]></wp:ping_status>
		<wp:post_name><![CDATA[35]]></wp:post_name>
		<wp:status><![CDATA[publish]]></wp:status>
		<wp:post_parent>0</wp:post_parent>
		<wp:menu_order>10</wp:menu_order>
		<wp:post_type><![CDATA[nav_menu_item]]></wp:post_type>
		<wp:post_password><![CDATA[]]></wp:post_password>
		<wp:is_sticky>0</wp:is_sticky>
		<category domain="nav_menu" nicename="main-menu"><![CDATA[Main Menu]]></category>
		<wp:postmeta>
			<wp:meta_key><![CDATA[_menu_item_type]]></wp:meta_key>
			<wp:meta_value><![CDATA[post_type]]></wp:meta_value>
		</wp:postmeta>
		<wp:postmeta>
			<wp:meta_key><![CDATA[_menu_item_menu_item_parent]]></wp:meta_key>
			<wp:meta_value><![CDATA[0]]></wp:meta_value>
		</wp:postmeta>
		<wp:postmeta>
			<wp:meta_key><![CDATA[_menu_item_object_id]]></wp:meta_key>
			<wp:meta_value><![CDATA[32]]></wp:meta_value>
		</wp:postmeta>
		<wp:postmeta>
			<wp:meta_key><![CDATA[_menu_item_object]]></wp:meta_key>
			<wp:meta_value><![CDATA[page]]></wp:meta_value>
		</wp:postmeta>
		<wp:postmeta>
			<wp:meta_key><![CDATA[_menu_item_target]]></wp:meta_key>
			<wp:meta_value><![CDATA[]]></wp:meta_value>
		</wp:postmeta>
		<wp:postmeta>
			<wp:meta_key><![CDATA[_menu_item_classes]]></wp:meta_key>
			<wp:meta_value><![CDATA[a:1:{i:0;s:0:"";}]]></wp:meta_value>
		</wp:postmeta>
		<wp:postmeta>
			<wp:meta_key><![CDATA[_menu_item_xfn]]></wp:meta_key>
			<wp:meta_value><![CDATA[]]></wp:meta_value>
		</wp:postmeta>
		<wp:postmeta>
			<wp:meta_key><![CDATA[_menu_item_url]]></wp:meta_key>
			<wp:meta_value><![CDATA[]]></wp:meta_value>
		</wp:postmeta>
		<wp:postmeta>
			<wp:meta_key><![CDATA[_jetpack_dont_email_post_to_subs]]></wp:meta_key>
			<wp:meta_value><![CDATA[1]]></wp:meta_value>
		</wp:postmeta>
	</item>
	<item>
		<title>war-469503_1280</title>
		<link>https://demo.themegrill.com/freedom/wars-and-soldiers/war-469503_1280/</link>
		<pubDate>Tue, 21 Oct 2014 16:04:27 +0000</pubDate>
		<dc:creator><![CDATA[demo@themegrill]]></dc:creator>
		<guid isPermaLink="false">http://demo.themegrill.com/freedom/wp-content/uploads/sites/10/2014/10/war-469503_1280.jpg</guid>
		<description></description>
		<content:encoded><![CDATA[]]></content:encoded>
		<excerpt:encoded><![CDATA[]]></excerpt:encoded>
		<wp:post_id>37</wp:post_id>
		<wp:post_date><![CDATA[2014-10-21 16:04:27]]></wp:post_date>
		<wp:post_date_gmt><![CDATA[2014-10-21 16:04:27]]></wp:post_date_gmt>
		<wp:comment_status><![CDATA[open]]></wp:comment_status>
		<wp:ping_status><![CDATA[open]]></wp:ping_status>
		<wp:post_name><![CDATA[war-469503_1280]]></wp:post_name>
		<wp:status><![CDATA[inherit]]></wp:status>
		<wp:post_parent>36</wp:post_parent>
		<wp:menu_order>0</wp:menu_order>
		<wp:post_type><![CDATA[attachment]]></wp:post_type>
		<wp:post_password><![CDATA[]]></wp:post_password>
		<wp:is_sticky>0</wp:is_sticky>
		<wp:attachment_url><![CDATA[https://demo.themegrill.com/freedom/wp-content/uploads/sites/10/2014/10/war-469503_1280.jpg]]></wp:attachment_url>
		<wp:postmeta>
			<wp:meta_key><![CDATA[_wp_attached_file]]></wp:meta_key>
			<wp:meta_value><![CDATA[2014/10/war-469503_1280.jpg]]></wp:meta_value>
		</wp:postmeta>
		<wp:postmeta>
			<wp:meta_key><![CDATA[_wp_attachment_metadata]]></wp:meta_key>
			<wp:meta_value><![CDATA[a:5:{s:5:"width";i:1280;s:6:"height";i:851;s:4:"file";s:27:"2014/10/war-469503_1280.jpg";s:5:"sizes";a:5:{s:9:"thumbnail";a:4:{s:4:"file";s:27:"war-469503_1280-150x150.jpg";s:5:"width";i:150;s:6:"height";i:150;s:9:"mime-type";s:10:"image/jpeg";}s:6:"medium";a:4:{s:4:"file";s:27:"war-469503_1280-300x199.jpg";s:5:"width";i:300;s:6:"height";i:199;s:9:"mime-type";s:10:"image/jpeg";}s:5:"large";a:4:{s:4:"file";s:28:"war-469503_1280-1024x680.jpg";s:5:"width";i:1024;s:6:"height";i:680;s:9:"mime-type";s:10:"image/jpeg";}s:8:"featured";a:4:{s:4:"file";s:27:"war-469503_1280-660x300.jpg";s:5:"width";i:660;s:6:"height";i:300;s:9:"mime-type";s:10:"image/jpeg";}s:13:"featured-home";a:4:{s:4:"file";s:27:"war-469503_1280-485x400.jpg";s:5:"width";i:485;s:6:"height";i:400;s:9:"mime-type";s:10:"image/jpeg";}}s:10:"image_meta";a:11:{s:8:"aperture";i:0;s:6:"credit";s:0:"";s:6:"camera";s:0:"";s:7:"caption";s:0:"";s:17:"created_timestamp";i:0;s:9:"copyright";s:0:"";s:12:"focal_length";i:0;s:3:"iso";i:0;s:13:"shutter_speed";i:0;s:5:"title";s:0:"";s:11:"orientation";i:0;}}]]></wp:meta_value>
		</wp:postmeta>
	</item>
	<item>
		<title>workstation-336369_1280</title>
		<link>https://demo.themegrill.com/freedom/macbook-workstation-business/workstation-336369_1280/</link>
		<pubDate>Tue, 21 Oct 2014 16:10:12 +0000</pubDate>
		<dc:creator><![CDATA[demo@themegrill]]></dc:creator>
		<guid isPermaLink="false">http://demo.themegrill.com/freedom/wp-content/uploads/sites/10/2014/10/workstation-336369_1280.jpg</guid>
		<description></description>
		<content:encoded><![CDATA[]]></content:encoded>
		<excerpt:encoded><![CDATA[]]></excerpt:encoded>
		<wp:post_id>40</wp:post_id>
		<wp:post_date><![CDATA[2014-10-21 16:10:12]]></wp:post_date>
		<wp:post_date_gmt><![CDATA[2014-10-21 16:10:12]]></wp:post_date_gmt>
		<wp:comment_status><![CDATA[open]]></wp:comment_status>
		<wp:ping_status><![CDATA[open]]></wp:ping_status>
		<wp:post_name><![CDATA[workstation-336369_1280]]></wp:post_name>
		<wp:status><![CDATA[inherit]]></wp:status>
		<wp:post_parent>39</wp:post_parent>
		<wp:menu_order>0</wp:menu_order>
		<wp:post_type><![CDATA[attachment]]></wp:post_type>
		<wp:post_password><![CDATA[]]></wp:post_password>
		<wp:is_sticky>0</wp:is_sticky>
		<wp:attachment_url><![CDATA[https://demo.themegrill.com/freedom/wp-content/uploads/sites/10/2014/10/workstation-336369_1280.jpg]]></wp:attachment_url>
		<wp:postmeta>
			<wp:meta_key><![CDATA[_wp_attached_file]]></wp:meta_key>
			<wp:meta_value><![CDATA[2014/10/workstation-336369_1280.jpg]]></wp:meta_value>
		</wp:postmeta>
		<wp:postmeta>
			<wp:meta_key><![CDATA[_wp_attachment_metadata]]></wp:meta_key>
			<wp:meta_value><![CDATA[a:5:{s:5:"width";i:1280;s:6:"height";i:853;s:4:"file";s:35:"2014/10/workstation-336369_1280.jpg";s:5:"sizes";a:5:{s:9:"thumbnail";a:4:{s:4:"file";s:35:"workstation-336369_1280-150x150.jpg";s:5:"width";i:150;s:6:"height";i:150;s:9:"mime-type";s:10:"image/jpeg";}s:6:"medium";a:4:{s:4:"file";s:35:"workstation-336369_1280-300x199.jpg";s:5:"width";i:300;s:6:"height";i:199;s:9:"mime-type";s:10:"image/jpeg";}s:5:"large";a:4:{s:4:"file";s:36:"workstation-336369_1280-1024x682.jpg";s:5:"width";i:1024;s:6:"height";i:682;s:9:"mime-type";s:10:"image/jpeg";}s:8:"featured";a:4:{s:4:"file";s:35:"workstation-336369_1280-660x300.jpg";s:5:"width";i:660;s:6:"height";i:300;s:9:"mime-type";s:10:"image/jpeg";}s:13:"featured-home";a:4:{s:4:"file";s:35:"workstation-336369_1280-485x400.jpg";s:5:"width";i:485;s:6:"height";i:400;s:9:"mime-type";s:10:"image/jpeg";}}s:10:"image_meta";a:11:{s:8:"aperture";i:0;s:6:"credit";s:0:"";s:6:"camera";s:0:"";s:7:"caption";s:0:"";s:17:"created_timestamp";i:0;s:9:"copyright";s:0:"";s:12:"focal_length";i:0;s:3:"iso";i:0;s:13:"shutter_speed";i:0;s:5:"title";s:0:"";s:11:"orientation";i:0;}}]]></wp:meta_value>
		</wp:postmeta>
	</item>
	<item>
		<title>blogger-336371_1280</title>
		<link>https://demo.themegrill.com/freedom/macbook-workstation-business/blogger-336371_1280/</link>
		<pubDate>Tue, 21 Oct 2014 16:11:16 +0000</pubDate>
		<dc:creator><![CDATA[demo@themegrill]]></dc:creator>
		<guid isPermaLink="false">http://demo.themegrill.com/freedom/wp-content/uploads/sites/10/2014/10/blogger-336371_1280.jpg</guid>
		<description></description>
		<content:encoded><![CDATA[]]></content:encoded>
		<excerpt:encoded><![CDATA[]]></excerpt:encoded>
		<wp:post_id>41</wp:post_id>
		<wp:post_date><![CDATA[2014-10-21 16:11:16]]></wp:post_date>
		<wp:post_date_gmt><![CDATA[2014-10-21 16:11:16]]></wp:post_date_gmt>
		<wp:comment_status><![CDATA[open]]></wp:comment_status>
		<wp:ping_status><![CDATA[open]]></wp:ping_status>
		<wp:post_name><![CDATA[blogger-336371_1280]]></wp:post_name>
		<wp:status><![CDATA[inherit]]></wp:status>
		<wp:post_parent>39</wp:post_parent>
		<wp:menu_order>0</wp:menu_order>
		<wp:post_type><![CDATA[attachment]]></wp:post_type>
		<wp:post_password><![CDATA[]]></wp:post_password>
		<wp:is_sticky>0</wp:is_sticky>
		<wp:attachment_url><![CDATA[https://demo.themegrill.com/freedom/wp-content/uploads/sites/10/2014/10/blogger-336371_1280-e1413907905758.jpg]]></wp:attachment_url>
		<wp:postmeta>
			<wp:meta_key><![CDATA[_wp_attached_file]]></wp:meta_key>
			<wp:meta_value><![CDATA[2014/10/blogger-336371_1280-e1413907905758.jpg]]></wp:meta_value>
		</wp:postmeta>
		<wp:postmeta>
			<wp:meta_key><![CDATA[_wp_attachment_metadata]]></wp:meta_key>
			<wp:meta_value><![CDATA[a:5:{s:5:"width";i:768;s:6:"height";i:512;s:4:"file";s:46:"2014/10/blogger-336371_1280-e1413907905758.jpg";s:5:"sizes";a:5:{s:9:"thumbnail";a:4:{s:4:"file";s:31:"blogger-336371_1280-150x150.jpg";s:5:"width";i:150;s:6:"height";i:150;s:9:"mime-type";s:10:"image/jpeg";}s:6:"medium";a:4:{s:4:"file";s:31:"blogger-336371_1280-300x199.jpg";s:5:"width";i:300;s:6:"height";i:199;s:9:"mime-type";s:10:"image/jpeg";}s:5:"large";a:4:{s:4:"file";s:32:"blogger-336371_1280-1024x682.jpg";s:5:"width";i:1024;s:6:"height";i:682;s:9:"mime-type";s:10:"image/jpeg";}s:8:"featured";a:4:{s:4:"file";s:31:"blogger-336371_1280-660x300.jpg";s:5:"width";i:660;s:6:"height";i:300;s:9:"mime-type";s:10:"image/jpeg";}s:13:"featured-home";a:4:{s:4:"file";s:31:"blogger-336371_1280-485x400.jpg";s:5:"width";i:485;s:6:"height";i:400;s:9:"mime-type";s:10:"image/jpeg";}}s:10:"image_meta";a:11:{s:8:"aperture";i:0;s:6:"credit";s:0:"";s:6:"camera";s:0:"";s:7:"caption";s:0:"";s:17:"created_timestamp";i:0;s:9:"copyright";s:0:"";s:12:"focal_length";i:0;s:3:"iso";i:0;s:13:"shutter_speed";i:0;s:5:"title";s:0:"";s:11:"orientation";i:0;}}]]></wp:meta_value>
		</wp:postmeta>
		<wp:postmeta>
			<wp:meta_key><![CDATA[_wp_attachment_backup_sizes]]></wp:meta_key>
			<wp:meta_value><![CDATA[a:1:{s:9:"full-orig";a:3:{s:5:"width";i:1280;s:6:"height";i:853;s:4:"file";s:23:"blogger-336371_1280.jpg";}}]]></wp:meta_value>
		</wp:postmeta>
	</item>
	<item>
		<title>iphone-6-458155_1280</title>
		<link>https://demo.themegrill.com/freedom/iphone-6-by-apple/iphone-6-458155_1280/</link>
		<pubDate>Tue, 21 Oct 2014 16:15:14 +0000</pubDate>
		<dc:creator><![CDATA[demo@themegrill]]></dc:creator>
		<guid isPermaLink="false">http://demo.themegrill.com/freedom/wp-content/uploads/sites/10/2014/10/iphone-6-458155_1280.jpg</guid>
		<description></description>
		<content:encoded><![CDATA[]]></content:encoded>
		<excerpt:encoded><![CDATA[]]></excerpt:encoded>
		<wp:post_id>44</wp:post_id>
		<wp:post_date><![CDATA[2014-10-21 16:15:14]]></wp:post_date>
		<wp:post_date_gmt><![CDATA[2014-10-21 16:15:14]]></wp:post_date_gmt>
		<wp:comment_status><![CDATA[open]]></wp:comment_status>
		<wp:ping_status><![CDATA[open]]></wp:ping_status>
		<wp:post_name><![CDATA[iphone-6-458155_1280]]></wp:post_name>
		<wp:status><![CDATA[inherit]]></wp:status>
		<wp:post_parent>43</wp:post_parent>
		<wp:menu_order>0</wp:menu_order>
		<wp:post_type><![CDATA[attachment]]></wp:post_type>
		<wp:post_password><![CDATA[]]></wp:post_password>
		<wp:is_sticky>0</wp:is_sticky>
		<wp:attachment_url><![CDATA[https://demo.themegrill.com/freedom/wp-content/uploads/sites/10/2014/10/iphone-6-458155_1280-e1413908178877.jpg]]></wp:attachment_url>
		<wp:postmeta>
			<wp:meta_key><![CDATA[_wp_attached_file]]></wp:meta_key>
			<wp:meta_value><![CDATA[2014/10/iphone-6-458155_1280-e1413908178877.jpg]]></wp:meta_value>
		</wp:postmeta>
		<wp:postmeta>
			<wp:meta_key><![CDATA[_wp_attachment_metadata]]></wp:meta_key>
			<wp:meta_value><![CDATA[a:5:{s:5:"width";i:300;s:6:"height";i:449;s:4:"file";s:47:"2014/10/iphone-6-458155_1280-e1413908178877.jpg";s:5:"sizes";a:5:{s:9:"thumbnail";a:4:{s:4:"file";s:32:"iphone-6-458155_1280-150x150.jpg";s:5:"width";i:150;s:6:"height";i:150;s:9:"mime-type";s:10:"image/jpeg";}s:6:"medium";a:4:{s:4:"file";s:32:"iphone-6-458155_1280-200x300.jpg";s:5:"width";i:200;s:6:"height";i:300;s:9:"mime-type";s:10:"image/jpeg";}s:5:"large";a:4:{s:4:"file";s:33:"iphone-6-458155_1280-684x1024.jpg";s:5:"width";i:684;s:6:"height";i:1024;s:9:"mime-type";s:10:"image/jpeg";}s:8:"featured";a:4:{s:4:"file";s:32:"iphone-6-458155_1280-660x300.jpg";s:5:"width";i:660;s:6:"height";i:300;s:9:"mime-type";s:10:"image/jpeg";}s:13:"featured-home";a:4:{s:4:"file";s:32:"iphone-6-458155_1280-485x400.jpg";s:5:"width";i:485;s:6:"height";i:400;s:9:"mime-type";s:10:"image/jpeg";}}s:10:"image_meta";a:11:{s:8:"aperture";i:0;s:6:"credit";s:0:"";s:6:"camera";s:0:"";s:7:"caption";s:0:"";s:17:"created_timestamp";i:0;s:9:"copyright";s:0:"";s:12:"focal_length";i:0;s:3:"iso";i:0;s:13:"shutter_speed";i:0;s:5:"title";s:0:"";s:11:"orientation";i:0;}}]]></wp:meta_value>
		</wp:postmeta>
		<wp:postmeta>
			<wp:meta_key><![CDATA[_wp_attachment_backup_sizes]]></wp:meta_key>
			<wp:meta_value><![CDATA[a:1:{s:9:"full-orig";a:3:{s:5:"width";i:856;s:6:"height";i:1280;s:4:"file";s:24:"iphone-6-458155_1280.jpg";}}]]></wp:meta_value>
		</wp:postmeta>
	</item>
	<item>
		<title>Layout</title>
		<link>https://demo.themegrill.com/freedom/layout/</link>
		<pubDate>Tue, 21 Oct 2014 16:25:58 +0000</pubDate>
		<dc:creator><![CDATA[demo@themegrill]]></dc:creator>
		<guid isPermaLink="false">http://demo.themegrill.com/freedom/?p=46</guid>
		<description></description>
		<content:encoded><![CDATA[]]></content:encoded>
		<excerpt:encoded><![CDATA[]]></excerpt:encoded>
		<wp:post_id>46</wp:post_id>
		<wp:post_date><![CDATA[2014-10-21 16:25:58]]></wp:post_date>
		<wp:post_date_gmt><![CDATA[2014-10-21 16:25:58]]></wp:post_date_gmt>
		<wp:comment_status><![CDATA[open]]></wp:comment_status>
		<wp:ping_status><![CDATA[closed]]></wp:ping_status>
		<wp:post_name><![CDATA[layout]]></wp:post_name>
		<wp:status><![CDATA[publish]]></wp:status>
		<wp:post_parent>0</wp:post_parent>
		<wp:menu_order>3</wp:menu_order>
		<wp:post_type><![CDATA[nav_menu_item]]></wp:post_type>
		<wp:post_password><![CDATA[]]></wp:post_password>
		<wp:is_sticky>0</wp:is_sticky>
		<category domain="nav_menu" nicename="main-menu"><![CDATA[Main Menu]]></category>
		<wp:postmeta>
			<wp:meta_key><![CDATA[_menu_item_type]]></wp:meta_key>
			<wp:meta_value><![CDATA[custom]]></wp:meta_value>
		</wp:postmeta>
		<wp:postmeta>
			<wp:meta_key><![CDATA[_menu_item_menu_item_parent]]></wp:meta_key>
			<wp:meta_value><![CDATA[0]]></wp:meta_value>
		</wp:postmeta>
		<wp:postmeta>
			<wp:meta_key><![CDATA[_menu_item_object_id]]></wp:meta_key>
			<wp:meta_value><![CDATA[46]]></wp:meta_value>
		</wp:postmeta>
		<wp:postmeta>
			<wp:meta_key><![CDATA[_menu_item_object]]></wp:meta_key>
			<wp:meta_value><![CDATA[custom]]></wp:meta_value>
		</wp:postmeta>
		<wp:postmeta>
			<wp:meta_key><![CDATA[_menu_item_target]]></wp:meta_key>
			<wp:meta_value><![CDATA[]]></wp:meta_value>
		</wp:postmeta>
		<wp:postmeta>
			<wp:meta_key><![CDATA[_menu_item_classes]]></wp:meta_key>
			<wp:meta_value><![CDATA[a:1:{i:0;s:0:"";}]]></wp:meta_value>
		</wp:postmeta>
		<wp:postmeta>
			<wp:meta_key><![CDATA[_menu_item_xfn]]></wp:meta_key>
			<wp:meta_value><![CDATA[]]></wp:meta_value>
		</wp:postmeta>
		<wp:postmeta>
			<wp:meta_key><![CDATA[_menu_item_url]]></wp:meta_key>
			<wp:meta_value><![CDATA[#]]></wp:meta_value>
		</wp:postmeta>
		<wp:postmeta>
			<wp:meta_key><![CDATA[_jetpack_dont_email_post_to_subs]]></wp:meta_key>
			<wp:meta_value><![CDATA[1]]></wp:meta_value>
		</wp:postmeta>
	</item>
	<item>
		<title></title>
		<link>https://demo.themegrill.com/freedom/55/</link>
		<pubDate>Tue, 21 Oct 2014 16:30:22 +0000</pubDate>
		<dc:creator><![CDATA[demo@themegrill]]></dc:creator>
		<guid isPermaLink="false">http://demo.themegrill.com/freedom/?p=55</guid>
		<description></description>
		<content:encoded><![CDATA[ ]]></content:encoded>
		<excerpt:encoded><![CDATA[]]></excerpt:encoded>
		<wp:post_id>55</wp:post_id>
		<wp:post_date><![CDATA[2014-10-21 16:30:22]]></wp:post_date>
		<wp:post_date_gmt><![CDATA[2014-10-21 16:30:22]]></wp:post_date_gmt>
		<wp:comment_status><![CDATA[open]]></wp:comment_status>
		<wp:ping_status><![CDATA[closed]]></wp:ping_status>
		<wp:post_name><![CDATA[55]]></wp:post_name>
		<wp:status><![CDATA[publish]]></wp:status>
		<wp:post_parent>0</wp:post_parent>
		<wp:menu_order>4</wp:menu_order>
		<wp:post_type><![CDATA[nav_menu_item]]></wp:post_type>
		<wp:post_password><![CDATA[]]></wp:post_password>
		<wp:is_sticky>0</wp:is_sticky>
		<category domain="nav_menu" nicename="main-menu"><![CDATA[Main Menu]]></category>
		<wp:postmeta>
			<wp:meta_key><![CDATA[_menu_item_type]]></wp:meta_key>
			<wp:meta_value><![CDATA[post_type]]></wp:meta_value>
		</wp:postmeta>
		<wp:postmeta>
			<wp:meta_key><![CDATA[_menu_item_menu_item_parent]]></wp:meta_key>
			<wp:meta_value><![CDATA[46]]></wp:meta_value>
		</wp:postmeta>
		<wp:postmeta>
			<wp:meta_key><![CDATA[_menu_item_object_id]]></wp:meta_key>
			<wp:meta_value><![CDATA[47]]></wp:meta_value>
		</wp:postmeta>
		<wp:postmeta>
			<wp:meta_key><![CDATA[_menu_item_object]]></wp:meta_key>
			<wp:meta_value><![CDATA[page]]></wp:meta_value>
		</wp:postmeta>
		<wp:postmeta>
			<wp:meta_key><![CDATA[_menu_item_target]]></wp:meta_key>
			<wp:meta_value><![CDATA[]]></wp:meta_value>
		</wp:postmeta>
		<wp:postmeta>
			<wp:meta_key><![CDATA[_menu_item_classes]]></wp:meta_key>
			<wp:meta_value><![CDATA[a:1:{i:0;s:0:"";}]]></wp:meta_value>
		</wp:postmeta>
		<wp:postmeta>
			<wp:meta_key><![CDATA[_menu_item_xfn]]></wp:meta_key>
			<wp:meta_value><![CDATA[]]></wp:meta_value>
		</wp:postmeta>
		<wp:postmeta>
			<wp:meta_key><![CDATA[_menu_item_url]]></wp:meta_key>
			<wp:meta_value><![CDATA[]]></wp:meta_value>
		</wp:postmeta>
		<wp:postmeta>
			<wp:meta_key><![CDATA[_jetpack_dont_email_post_to_subs]]></wp:meta_key>
			<wp:meta_value><![CDATA[1]]></wp:meta_value>
		</wp:postmeta>
	</item>
	<item>
		<title></title>
		<link>https://demo.themegrill.com/freedom/56/</link>
		<pubDate>Tue, 21 Oct 2014 16:30:22 +0000</pubDate>
		<dc:creator><![CDATA[demo@themegrill]]></dc:creator>
		<guid isPermaLink="false">http://demo.themegrill.com/freedom/?p=56</guid>
		<description></description>
		<content:encoded><![CDATA[ ]]></content:encoded>
		<excerpt:encoded><![CDATA[]]></excerpt:encoded>
		<wp:post_id>56</wp:post_id>
		<wp:post_date><![CDATA[2014-10-21 16:30:22]]></wp:post_date>
		<wp:post_date_gmt><![CDATA[2014-10-21 16:30:22]]></wp:post_date_gmt>
		<wp:comment_status><![CDATA[open]]></wp:comment_status>
		<wp:ping_status><![CDATA[closed]]></wp:ping_status>
		<wp:post_name><![CDATA[56]]></wp:post_name>
		<wp:status><![CDATA[publish]]></wp:status>
		<wp:post_parent>0</wp:post_parent>
		<wp:menu_order>5</wp:menu_order>
		<wp:post_type><![CDATA[nav_menu_item]]></wp:post_type>
		<wp:post_password><![CDATA[]]></wp:post_password>
		<wp:is_sticky>0</wp:is_sticky>
		<category domain="nav_menu" nicename="main-menu"><![CDATA[Main Menu]]></category>
		<wp:postmeta>
			<wp:meta_key><![CDATA[_menu_item_type]]></wp:meta_key>
			<wp:meta_value><![CDATA[post_type]]></wp:meta_value>
		</wp:postmeta>
		<wp:postmeta>
			<wp:meta_key><![CDATA[_menu_item_menu_item_parent]]></wp:meta_key>
			<wp:meta_value><![CDATA[46]]></wp:meta_value>
		</wp:postmeta>
		<wp:postmeta>
			<wp:meta_key><![CDATA[_menu_item_object_id]]></wp:meta_key>
			<wp:meta_value><![CDATA[49]]></wp:meta_value>
		</wp:postmeta>
		<wp:postmeta>
			<wp:meta_key><![CDATA[_menu_item_object]]></wp:meta_key>
			<wp:meta_value><![CDATA[page]]></wp:meta_value>
		</wp:postmeta>
		<wp:postmeta>
			<wp:meta_key><![CDATA[_menu_item_target]]></wp:meta_key>
			<wp:meta_value><![CDATA[]]></wp:meta_value>
		</wp:postmeta>
		<wp:postmeta>
			<wp:meta_key><![CDATA[_menu_item_classes]]></wp:meta_key>
			<wp:meta_value><![CDATA[a:1:{i:0;s:0:"";}]]></wp:meta_value>
		</wp:postmeta>
		<wp:postmeta>
			<wp:meta_key><![CDATA[_menu_item_xfn]]></wp:meta_key>
			<wp:meta_value><![CDATA[]]></wp:meta_value>
		</wp:postmeta>
		<wp:postmeta>
			<wp:meta_key><![CDATA[_menu_item_url]]></wp:meta_key>
			<wp:meta_value><![CDATA[]]></wp:meta_value>
		</wp:postmeta>
		<wp:postmeta>
			<wp:meta_key><![CDATA[_jetpack_dont_email_post_to_subs]]></wp:meta_key>
			<wp:meta_value><![CDATA[1]]></wp:meta_value>
		</wp:postmeta>
	</item>
	<item>
		<title></title>
		<link>https://demo.themegrill.com/freedom/57/</link>
		<pubDate>Tue, 21 Oct 2014 16:30:22 +0000</pubDate>
		<dc:creator><![CDATA[demo@themegrill]]></dc:creator>
		<guid isPermaLink="false">http://demo.themegrill.com/freedom/?p=57</guid>
		<description></description>
		<content:encoded><![CDATA[ ]]></content:encoded>
		<excerpt:encoded><![CDATA[]]></excerpt:encoded>
		<wp:post_id>57</wp:post_id>
		<wp:post_date><![CDATA[2014-10-21 16:30:22]]></wp:post_date>
		<wp:post_date_gmt><![CDATA[2014-10-21 16:30:22]]></wp:post_date_gmt>
		<wp:comment_status><![CDATA[open]]></wp:comment_status>
		<wp:ping_status><![CDATA[closed]]></wp:ping_status>
		<wp:post_name><![CDATA[57]]></wp:post_name>
		<wp:status><![CDATA[publish]]></wp:status>
		<wp:post_parent>0</wp:post_parent>
		<wp:menu_order>6</wp:menu_order>
		<wp:post_type><![CDATA[nav_menu_item]]></wp:post_type>
		<wp:post_password><![CDATA[]]></wp:post_password>
		<wp:is_sticky>0</wp:is_sticky>
		<category domain="nav_menu" nicename="main-menu"><![CDATA[Main Menu]]></category>
		<wp:postmeta>
			<wp:meta_key><![CDATA[_menu_item_type]]></wp:meta_key>
			<wp:meta_value><![CDATA[post_type]]></wp:meta_value>
		</wp:postmeta>
		<wp:postmeta>
			<wp:meta_key><![CDATA[_menu_item_menu_item_parent]]></wp:meta_key>
			<wp:meta_value><![CDATA[46]]></wp:meta_value>
		</wp:postmeta>
		<wp:postmeta>
			<wp:meta_key><![CDATA[_menu_item_object_id]]></wp:meta_key>
			<wp:meta_value><![CDATA[51]]></wp:meta_value>
		</wp:postmeta>
		<wp:postmeta>
			<wp:meta_key><![CDATA[_menu_item_object]]></wp:meta_key>
			<wp:meta_value><![CDATA[page]]></wp:meta_value>
		</wp:postmeta>
		<wp:postmeta>
			<wp:meta_key><![CDATA[_menu_item_target]]></wp:meta_key>
			<wp:meta_value><![CDATA[]]></wp:meta_value>
		</wp:postmeta>
		<wp:postmeta>
			<wp:meta_key><![CDATA[_menu_item_classes]]></wp:meta_key>
			<wp:meta_value><![CDATA[a:1:{i:0;s:0:"";}]]></wp:meta_value>
		</wp:postmeta>
		<wp:postmeta>
			<wp:meta_key><![CDATA[_menu_item_xfn]]></wp:meta_key>
			<wp:meta_value><![CDATA[]]></wp:meta_value>
		</wp:postmeta>
		<wp:postmeta>
			<wp:meta_key><![CDATA[_menu_item_url]]></wp:meta_key>
			<wp:meta_value><![CDATA[]]></wp:meta_value>
		</wp:postmeta>
		<wp:postmeta>
			<wp:meta_key><![CDATA[_jetpack_dont_email_post_to_subs]]></wp:meta_key>
			<wp:meta_value><![CDATA[1]]></wp:meta_value>
		</wp:postmeta>
	</item>
	<item>
		<title>No Sidebar Content Centered</title>
		<link>https://demo.themegrill.com/freedom/58/</link>
		<pubDate>Tue, 21 Oct 2014 16:30:22 +0000</pubDate>
		<dc:creator><![CDATA[demo@themegrill]]></dc:creator>
		<guid isPermaLink="false">http://demo.themegrill.com/freedom/?p=58</guid>
		<description></description>
		<content:encoded><![CDATA[]]></content:encoded>
		<excerpt:encoded><![CDATA[]]></excerpt:encoded>
		<wp:post_id>58</wp:post_id>
		<wp:post_date><![CDATA[2014-10-21 16:30:22]]></wp:post_date>
		<wp:post_date_gmt><![CDATA[2014-10-21 16:30:22]]></wp:post_date_gmt>
		<wp:comment_status><![CDATA[open]]></wp:comment_status>
		<wp:ping_status><![CDATA[closed]]></wp:ping_status>
		<wp:post_name><![CDATA[58]]></wp:post_name>
		<wp:status><![CDATA[publish]]></wp:status>
		<wp:post_parent>0</wp:post_parent>
		<wp:menu_order>7</wp:menu_order>
		<wp:post_type><![CDATA[nav_menu_item]]></wp:post_type>
		<wp:post_password><![CDATA[]]></wp:post_password>
		<wp:is_sticky>0</wp:is_sticky>
		<category domain="nav_menu" nicename="main-menu"><![CDATA[Main Menu]]></category>
		<wp:postmeta>
			<wp:meta_key><![CDATA[_menu_item_type]]></wp:meta_key>
			<wp:meta_value><![CDATA[post_type]]></wp:meta_value>
		</wp:postmeta>
		<wp:postmeta>
			<wp:meta_key><![CDATA[_menu_item_menu_item_parent]]></wp:meta_key>
			<wp:meta_value><![CDATA[46]]></wp:meta_value>
		</wp:postmeta>
		<wp:postmeta>
			<wp:meta_key><![CDATA[_menu_item_object_id]]></wp:meta_key>
			<wp:meta_value><![CDATA[53]]></wp:meta_value>
		</wp:postmeta>
		<wp:postmeta>
			<wp:meta_key><![CDATA[_menu_item_object]]></wp:meta_key>
			<wp:meta_value><![CDATA[page]]></wp:meta_value>
		</wp:postmeta>
		<wp:postmeta>
			<wp:meta_key><![CDATA[_menu_item_target]]></wp:meta_key>
			<wp:meta_value><![CDATA[]]></wp:meta_value>
		</wp:postmeta>
		<wp:postmeta>
			<wp:meta_key><![CDATA[_menu_item_classes]]></wp:meta_key>
			<wp:meta_value><![CDATA[a:1:{i:0;s:0:"";}]]></wp:meta_value>
		</wp:postmeta>
		<wp:postmeta>
			<wp:meta_key><![CDATA[_menu_item_xfn]]></wp:meta_key>
			<wp:meta_value><![CDATA[]]></wp:meta_value>
		</wp:postmeta>
		<wp:postmeta>
			<wp:meta_key><![CDATA[_menu_item_url]]></wp:meta_key>
			<wp:meta_value><![CDATA[]]></wp:meta_value>
		</wp:postmeta>
		<wp:postmeta>
			<wp:meta_key><![CDATA[_jetpack_dont_email_post_to_subs]]></wp:meta_key>
			<wp:meta_value><![CDATA[1]]></wp:meta_value>
		</wp:postmeta>
	</item>
	<item>
		<title></title>
		<link>https://demo.themegrill.com/freedom/61/</link>
		<pubDate>Tue, 21 Oct 2014 16:43:56 +0000</pubDate>
		<dc:creator><![CDATA[demo@themegrill]]></dc:creator>
		<guid isPermaLink="false">http://demo.themegrill.com/freedom/?p=61</guid>
		<description></description>
		<content:encoded><![CDATA[ ]]></content:encoded>
		<excerpt:encoded><![CDATA[]]></excerpt:encoded>
		<wp:post_id>61</wp:post_id>
		<wp:post_date><![CDATA[2014-10-21 16:43:56]]></wp:post_date>
		<wp:post_date_gmt><![CDATA[2014-10-21 16:43:56]]></wp:post_date_gmt>
		<wp:comment_status><![CDATA[open]]></wp:comment_status>
		<wp:ping_status><![CDATA[closed]]></wp:ping_status>
		<wp:post_name><![CDATA[61]]></wp:post_name>
		<wp:status><![CDATA[publish]]></wp:status>
		<wp:post_parent>0</wp:post_parent>
		<wp:menu_order>9</wp:menu_order>
		<wp:post_type><![CDATA[nav_menu_item]]></wp:post_type>
		<wp:post_password><![CDATA[]]></wp:post_password>
		<wp:is_sticky>0</wp:is_sticky>
		<category domain="nav_menu" nicename="main-menu"><![CDATA[Main Menu]]></category>
		<wp:postmeta>
			<wp:meta_key><![CDATA[_menu_item_type]]></wp:meta_key>
			<wp:meta_value><![CDATA[post_type]]></wp:meta_value>
		</wp:postmeta>
		<wp:postmeta>
			<wp:meta_key><![CDATA[_menu_item_menu_item_parent]]></wp:meta_key>
			<wp:meta_value><![CDATA[0]]></wp:meta_value>
		</wp:postmeta>
		<wp:postmeta>
			<wp:meta_key><![CDATA[_menu_item_object_id]]></wp:meta_key>
			<wp:meta_value><![CDATA[59]]></wp:meta_value>
		</wp:postmeta>
		<wp:postmeta>
			<wp:meta_key><![CDATA[_menu_item_object]]></wp:meta_key>
			<wp:meta_value><![CDATA[page]]></wp:meta_value>
		</wp:postmeta>
		<wp:postmeta>
			<wp:meta_key><![CDATA[_menu_item_target]]></wp:meta_key>
			<wp:meta_value><![CDATA[]]></wp:meta_value>
		</wp:postmeta>
		<wp:postmeta>
			<wp:meta_key><![CDATA[_menu_item_classes]]></wp:meta_key>
			<wp:meta_value><![CDATA[a:1:{i:0;s:0:"";}]]></wp:meta_value>
		</wp:postmeta>
		<wp:postmeta>
			<wp:meta_key><![CDATA[_menu_item_xfn]]></wp:meta_key>
			<wp:meta_value><![CDATA[]]></wp:meta_value>
		</wp:postmeta>
		<wp:postmeta>
			<wp:meta_key><![CDATA[_menu_item_url]]></wp:meta_key>
			<wp:meta_value><![CDATA[]]></wp:meta_value>
		</wp:postmeta>
		<wp:postmeta>
			<wp:meta_key><![CDATA[_jetpack_dont_email_post_to_subs]]></wp:meta_key>
			<wp:meta_value><![CDATA[1]]></wp:meta_value>
		</wp:postmeta>
	</item>
	<item>
		<title>Contact Form</title>
		<link>https://demo.themegrill.com/freedom/?post_type=everest_form&#038;p=82</link>
		<pubDate>Fri, 23 Mar 2018 06:44:16 +0000</pubDate>
		<dc:creator><![CDATA[themeeditor]]></dc:creator>
		<guid isPermaLink="false">https://demo.themegrill.com/freedom/?post_type=everest_form&#038;p=82</guid>
		<description></description>
		<content:encoded><![CDATA[{"id":82,"form_field_id":"1","form_fields":{"name":{"id":"name","type":"text","label":"Name","meta-key":"name","description":"","required":"1","placeholder":"","css":""},"email":{"id":"email","type":"email","label":"Email","meta-key":"email","description":"","required":"1","placeholder":"","default_value":"","css":""},"subject":{"id":"subject","type":"text","label":"Subject","meta-key":"subject","description":"","required":"1","placeholder":"","css":""},"message":{"id":"message","type":"textarea","label":"Message","meta-key":"message","description":"","placeholder":"","css":""}},"settings":{"form_title":"Contact Form","form_desc":"","successful_form_submission_message":"Thanks for contacting us! We will be in touch with you shortly.","redirect_to":"0","custom_page":"2","external_url":"","layout_class":"default","form_class":"","submit_button_text":"Submit","email":{"evf_to_email":"themegrill@gmail.com","evf_from_name":"Freedom","evf_from_email":"wordpress@demo.themegrill.com","evf_email_subject":"New Form Entry","evf_email_message":"{all_fields}"}},"structure":{"row_1":{"grid_1":["name","email","subject","message"]}}}]]></content:encoded>
		<excerpt:encoded><![CDATA[]]></excerpt:encoded>
		<wp:post_id>82</wp:post_id>
		<wp:post_date><![CDATA[2018-03-23 06:44:16]]></wp:post_date>
		<wp:post_date_gmt><![CDATA[2018-03-23 06:44:16]]></wp:post_date_gmt>
		<wp:comment_status><![CDATA[closed]]></wp:comment_status>
		<wp:ping_status><![CDATA[closed]]></wp:ping_status>
		<wp:post_name><![CDATA[contact-form]]></wp:post_name>
		<wp:status><![CDATA[publish]]></wp:status>
		<wp:post_parent>0</wp:post_parent>
		<wp:menu_order>0</wp:menu_order>
		<wp:post_type><![CDATA[everest_form]]></wp:post_type>
		<wp:post_password><![CDATA[]]></wp:post_password>
		<wp:is_sticky>0</wp:is_sticky>
		<wp:postmeta>
			<wp:meta_key><![CDATA[_publicize_pending]]></wp:meta_key>
			<wp:meta_value><![CDATA[1]]></wp:meta_value>
		</wp:postmeta>
	</item>
	<item>
		<title>Hello world!</title>
		<link>https://demo.themegrill.com/freedom/hello-world/</link>
		<pubDate>Sat, 04 Oct 2014 17:10:30 +0000</pubDate>
		<dc:creator><![CDATA[demo@themegrill]]></dc:creator>
		<guid isPermaLink="false">http://demo.themegrill.com/freedom/?p=1</guid>
		<description></description>
		<content:encoded><![CDATA[Welcome to <a href="http://demo.themegrill.com/">ThemeGrill Demo</a>. This is your first post. Edit or delete it, then start blogging!]]></content:encoded>
		<excerpt:encoded><![CDATA[]]></excerpt:encoded>
		<wp:post_id>1</wp:post_id>
		<wp:post_date><![CDATA[2014-10-04 17:10:30]]></wp:post_date>
		<wp:post_date_gmt><![CDATA[2014-10-04 17:10:30]]></wp:post_date_gmt>
		<wp:comment_status><![CDATA[open]]></wp:comment_status>
		<wp:ping_status><![CDATA[open]]></wp:ping_status>
		<wp:post_name><![CDATA[hello-world]]></wp:post_name>
		<wp:status><![CDATA[publish]]></wp:status>
		<wp:post_parent>0</wp:post_parent>
		<wp:menu_order>0</wp:menu_order>
		<wp:post_type><![CDATA[post]]></wp:post_type>
		<wp:post_password><![CDATA[]]></wp:post_password>
		<wp:is_sticky>0</wp:is_sticky>
		<category domain="category" nicename="uncategorized"><![CDATA[Uncategorized]]></category>
	</item>
	<item>
		<title>Sample Page</title>
		<link>https://demo.themegrill.com/freedom/sample-page/</link>
		<pubDate>Sat, 04 Oct 2014 17:10:30 +0000</pubDate>
		<dc:creator><![CDATA[demo@themegrill]]></dc:creator>
		<guid isPermaLink="false">http://demo.themegrill.com/freedom/?page_id=2</guid>
		<description></description>
		<content:encoded><![CDATA[<p>This is an example page. It’s different from a blog post because it will stay in one place and will show up in your site navigation (in most themes). Most people start with an About page that introduces them to potential site visitors. It might say something like this:</p>
<blockquote><p>Hi there! I’m a bike messenger by day, aspiring actor by night, and this is my blog. I live in Los Angeles, have a great dog named Jack, and I like piña coladas. (And gettin’ caught in the rain.)</p></blockquote>
<p>…or something like this:</p>
<blockquote><p>The XYZ Doohickey Company was founded in 1971, and has been providing quality doohickeys to the public ever since. Located in Gotham City, XYZ employs over 2,000 people and does all kinds of awesome things for the Gotham community.</p></blockquote>
<p>As a new WordPress user, you should go to <a href="http://demo.themegrill.com/radiate/wp-admin/">your dashboard</a> to delete this page and create new pages for your content. Have fun!</p>
]]></content:encoded>
		<excerpt:encoded><![CDATA[]]></excerpt:encoded>
		<wp:post_id>2</wp:post_id>
		<wp:post_date><![CDATA[2014-10-04 17:10:30]]></wp:post_date>
		<wp:post_date_gmt><![CDATA[2014-10-04 17:10:30]]></wp:post_date_gmt>
		<wp:comment_status><![CDATA[open]]></wp:comment_status>
		<wp:ping_status><![CDATA[closed]]></wp:ping_status>
		<wp:post_name><![CDATA[sample-page]]></wp:post_name>
		<wp:status><![CDATA[publish]]></wp:status>
		<wp:post_parent>0</wp:post_parent>
		<wp:menu_order>0</wp:menu_order>
		<wp:post_type><![CDATA[page]]></wp:post_type>
		<wp:post_password><![CDATA[]]></wp:post_password>
		<wp:is_sticky>0</wp:is_sticky>
		<wp:postmeta>
			<wp:meta_key><![CDATA[_wp_page_template]]></wp:meta_key>
			<wp:meta_value><![CDATA[default]]></wp:meta_value>
		</wp:postmeta>
		<wp:postmeta>
			<wp:meta_key><![CDATA[_edit_last]]></wp:meta_key>
			<wp:meta_value><![CDATA[1]]></wp:meta_value>
		</wp:postmeta>
		<wp:postmeta>
			<wp:meta_key><![CDATA[freedom_page_layout]]></wp:meta_key>
			<wp:meta_value><![CDATA[default_layout]]></wp:meta_value>
		</wp:postmeta>
	</item>
	<item>
		<title>Fisherman Back To Home</title>
		<link>https://demo.themegrill.com/freedom/fisherman-back-home/</link>
		<pubDate>Wed, 15 Oct 2014 11:26:55 +0000</pubDate>
		<dc:creator><![CDATA[demo@themegrill]]></dc:creator>
		<guid isPermaLink="false">http://demo.themegrill.com/freedom/?p=13</guid>
		<description></description>
		<content:encoded><![CDATA[Gummi bears caramels chocolate cake cupcake tart icing chocolate bar candy canes donut. Powder unerdwear.com sweet apple pie gummies candy canes. Brownie jujubes chocolate cake icing. Carrot cake jujubes topping icing cookie. Chocolate bar oat cake biscuit bonbon halvah sesame snaps pie. Dragée candy apple pie sweet jelly beans gummi bears jujubes. Cotton candy cookie brownie gummies bear claw. Candy liquorice jelly-o bear claw unerdwear.com bear claw. Muffin lemon drops jelly-o liquorice marzipan unerdwear.com lollipop sweet roll. Carrot cake ice cream cookie lollipop bear claw powder.
<a href="http://demo.themegrill.com/freedom/wp-content/uploads/sites/10/2014/10/man-489744_12801-e1413887998839.jpg"><img class="alignnone wp-image-19 size-full" src="http://demo.themegrill.com/freedom/wp-content/uploads/sites/10/2014/10/man-489744_12801-e1413887998839.jpg" alt="man-489744_1280" width="768" height="512" /></a>
Sweet halvah tart applicake brownie dessert apple pie danish. Halvah marzipan caramels halvah. Ice cream sugar plum pudding cake marzipan cookie. Chupa chups toffee wafer. Cupcake caramels toffee jelly beans pastry wafer wafer muffin biscuit. Tootsie roll bonbon icing powder. Muffin cotton candy chocolate cake. Chocolate bar jelly beans oat cake fruitcake unerdwear.com halvah icing marzipan. Cheesecake pastry soufflé topping brownie tart liquorice tootsie roll danish. Chocolate icing bear claw lemon drops wafer jelly-o halvah jelly jujubes.]]></content:encoded>
		<excerpt:encoded><![CDATA[]]></excerpt:encoded>
		<wp:post_id>13</wp:post_id>
		<wp:post_date><![CDATA[2014-10-15 11:26:55]]></wp:post_date>
		<wp:post_date_gmt><![CDATA[2014-10-15 11:26:55]]></wp:post_date_gmt>
		<wp:comment_status><![CDATA[open]]></wp:comment_status>
		<wp:ping_status><![CDATA[open]]></wp:ping_status>
		<wp:post_name><![CDATA[fisherman-back-home]]></wp:post_name>
		<wp:status><![CDATA[publish]]></wp:status>
		<wp:post_parent>0</wp:post_parent>
		<wp:menu_order>0</wp:menu_order>
		<wp:post_type><![CDATA[post]]></wp:post_type>
		<wp:post_password><![CDATA[]]></wp:post_password>
		<wp:is_sticky>0</wp:is_sticky>
		<category domain="category" nicename="uncategorized"><![CDATA[Uncategorized]]></category>
		<wp:postmeta>
			<wp:meta_key><![CDATA[_edit_last]]></wp:meta_key>
			<wp:meta_value><![CDATA[1]]></wp:meta_value>
		</wp:postmeta>
		<wp:postmeta>
			<wp:meta_key><![CDATA[freedom_page_layout]]></wp:meta_key>
			<wp:meta_value><![CDATA[default_layout]]></wp:meta_value>
		</wp:postmeta>
		<wp:postmeta>
			<wp:meta_key><![CDATA[_thumbnail_id]]></wp:meta_key>
			<wp:meta_value><![CDATA[18]]></wp:meta_value>
		</wp:postmeta>
		<wp:postmeta>
			<wp:meta_key><![CDATA[_wp_old_slug]]></wp:meta_key>
			<wp:meta_value><![CDATA[second-post]]></wp:meta_value>
		</wp:postmeta>
	</item>
	<item>
		<title>Still Long Way To Go</title>
		<link>https://demo.themegrill.com/freedom/still-long-way-to-go/</link>
		<pubDate>Tue, 21 Oct 2014 10:54:55 +0000</pubDate>
		<dc:creator><![CDATA[demo@themegrill]]></dc:creator>
		<guid isPermaLink="false">http://demo.themegrill.com/freedom/?p=24</guid>
		<description></description>
		<content:encoded><![CDATA[<p class="paragraph ng-attr-widget"><span class="ng-directive ng-binding">Donut chocolate bar sweet cotton candy sweet. Muffin sweet roll marshmallow danish apple pie jelly-o tiramisu. Gummies applicake liquorice pastry ice cream. Topping sweet roll sweet brownie pudding carrot cake bear claw bonbon. Sugar plum danish pudding jujubes cheesecake applicake lollipop. Sesame snaps biscuit icing gingerbread macaroon bonbon wafer. Unerdwear.com chupa chups sweet tiramisu.</span></p>
<p class="paragraph ng-attr-widget"><a href="http://demo.themegrill.com/freedom/wp-content/uploads/sites/10/2014/10/the-sun-470317_1280-e1413888849869.jpg"><img class="alignnone wp-image-25 size-full" src="http://demo.themegrill.com/freedom/wp-content/uploads/sites/10/2014/10/the-sun-470317_1280-e1413888849869.jpg" alt="the-sun-470317_1280" width="768" height="768" /></a></p>
<p class="paragraph ng-attr-widget"><span class="ng-directive ng-binding">Candy canes chocolate sweet gummi bears oat cake candy candy canes candy. Cookie danish powder soufflé tootsie roll wafer cheesecake gummies topping. Danish tart icing cupcake croissant sesame snaps biscuit chocolate cake. Sesame snaps pie candy brownie cotton candy dessert halvah candy canes. Sesame snaps powder sesame snaps sweet cupcake lemon drops. Pie pie brownie ice cream tart.</span></p>]]></content:encoded>
		<excerpt:encoded><![CDATA[]]></excerpt:encoded>
		<wp:post_id>24</wp:post_id>
		<wp:post_date><![CDATA[2014-10-21 10:54:55]]></wp:post_date>
		<wp:post_date_gmt><![CDATA[2014-10-21 10:54:55]]></wp:post_date_gmt>
		<wp:comment_status><![CDATA[open]]></wp:comment_status>
		<wp:ping_status><![CDATA[open]]></wp:ping_status>
		<wp:post_name><![CDATA[still-long-way-to-go]]></wp:post_name>
		<wp:status><![CDATA[publish]]></wp:status>
		<wp:post_parent>0</wp:post_parent>
		<wp:menu_order>0</wp:menu_order>
		<wp:post_type><![CDATA[post]]></wp:post_type>
		<wp:post_password><![CDATA[]]></wp:post_password>
		<wp:is_sticky>0</wp:is_sticky>
		<category domain="category" nicename="uncategorized"><![CDATA[Uncategorized]]></category>
		<wp:postmeta>
			<wp:meta_key><![CDATA[_edit_last]]></wp:meta_key>
			<wp:meta_value><![CDATA[1]]></wp:meta_value>
		</wp:postmeta>
		<wp:postmeta>
			<wp:meta_key><![CDATA[freedom_page_layout]]></wp:meta_key>
			<wp:meta_value><![CDATA[default_layout]]></wp:meta_value>
		</wp:postmeta>
		<wp:postmeta>
			<wp:meta_key><![CDATA[_thumbnail_id]]></wp:meta_key>
			<wp:meta_value><![CDATA[25]]></wp:meta_value>
		</wp:postmeta>
	</item>
	<item>
		<title>Contact</title>
		<link>https://demo.themegrill.com/freedom/contact/</link>
		<pubDate>Tue, 21 Oct 2014 15:34:12 +0000</pubDate>
		<dc:creator><![CDATA[demo@themegrill]]></dc:creator>
		<guid isPermaLink="false">http://demo.themegrill.com/freedom/?page_id=32</guid>
		<description></description>
		<content:encoded><![CDATA[This contact form is created using <a href="https://wpeverest.com/wordpress-plugins/everest-forms/" target="_blank" rel="noopener">Everest Forms</a>. To download this contact form plugin click <a href="https://downloads.wordpress.org/plugin/everest-forms.zip" rel="nofollow">here</a>.

This contact form is just for demo purpose. If you have any theme related support questions, please put your query in our support forum <a href="http://themegrill.com/support-forum/" target="_blank" rel="noopener noreferrer">http://themegrill.com/support-forum/</a>.
And if you have any theme related sales questions or if you just want to say hello, please send your message via our contact page <a href="http://themegrill.com/contact/" target="_blank" rel="noopener noreferrer">http://themegrill.com/contact/</a>.

[everest_form id="82"]]]></content:encoded>
		<excerpt:encoded><![CDATA[]]></excerpt:encoded>
		<wp:post_id>32</wp:post_id>
		<wp:post_date><![CDATA[2014-10-21 15:34:12]]></wp:post_date>
		<wp:post_date_gmt><![CDATA[2014-10-21 15:34:12]]></wp:post_date_gmt>
		<wp:comment_status><![CDATA[closed]]></wp:comment_status>
		<wp:ping_status><![CDATA[closed]]></wp:ping_status>
		<wp:post_name><![CDATA[contact]]></wp:post_name>
		<wp:status><![CDATA[publish]]></wp:status>
		<wp:post_parent>0</wp:post_parent>
		<wp:menu_order>0</wp:menu_order>
		<wp:post_type><![CDATA[page]]></wp:post_type>
		<wp:post_password><![CDATA[]]></wp:post_password>
		<wp:is_sticky>0</wp:is_sticky>
		<wp:postmeta>
			<wp:meta_key><![CDATA[_edit_last]]></wp:meta_key>
			<wp:meta_value><![CDATA[30]]></wp:meta_value>
		</wp:postmeta>
		<wp:postmeta>
			<wp:meta_key><![CDATA[freedom_page_layout]]></wp:meta_key>
			<wp:meta_value><![CDATA[default_layout]]></wp:meta_value>
		</wp:postmeta>
		<wp:postmeta>
			<wp:meta_key><![CDATA[_wp_page_template]]></wp:meta_key>
			<wp:meta_value><![CDATA[page-templates/contact.php]]></wp:meta_value>
		</wp:postmeta>
	</item>
	<item>
		<title>Wars and Soldiers</title>
		<link>https://demo.themegrill.com/freedom/wars-and-soldiers/</link>
		<pubDate>Mon, 06 Oct 2014 16:04:41 +0000</pubDate>
		<dc:creator><![CDATA[demo@themegrill]]></dc:creator>
		<guid isPermaLink="false">http://demo.themegrill.com/freedom/?p=36</guid>
		<description></description>
		<content:encoded><![CDATA[Tart jelly beans candy gummies jelly beans chupa chups jelly-o brownie. Unerdwear.com unerdwear.com fruitcake chocolate cake cookie sweet halvah sugar plum. Marshmallow biscuit croissant. Dessert bonbon tiramisu. Marzipan tart cupcake. Pie bear claw chocolate bar ice cream cake.

Fruitcake tootsie roll jelly-o unerdwear.com dessert danish cake jujubes. Jelly-o muffin sesame snaps danish. Danish gingerbread halvah muffin ice cream croissant biscuit. Powder gummies brownie. Cupcake pastry sugar plum cheesecake jelly halvah tiramisu. Wafer unerdwear.com caramels. Sweet lollipop dessert liquorice tootsie roll dragée pudding.]]></content:encoded>
		<excerpt:encoded><![CDATA[]]></excerpt:encoded>
		<wp:post_id>36</wp:post_id>
		<wp:post_date><![CDATA[2014-10-06 16:04:41]]></wp:post_date>
		<wp:post_date_gmt><![CDATA[2014-10-06 16:04:41]]></wp:post_date_gmt>
		<wp:comment_status><![CDATA[open]]></wp:comment_status>
		<wp:ping_status><![CDATA[open]]></wp:ping_status>
		<wp:post_name><![CDATA[wars-and-soldiers]]></wp:post_name>
		<wp:status><![CDATA[publish]]></wp:status>
		<wp:post_parent>0</wp:post_parent>
		<wp:menu_order>0</wp:menu_order>
		<wp:post_type><![CDATA[post]]></wp:post_type>
		<wp:post_password><![CDATA[]]></wp:post_password>
		<wp:is_sticky>0</wp:is_sticky>
		<category domain="category" nicename="uncategorized"><![CDATA[Uncategorized]]></category>
		<wp:postmeta>
			<wp:meta_key><![CDATA[_edit_last]]></wp:meta_key>
			<wp:meta_value><![CDATA[1]]></wp:meta_value>
		</wp:postmeta>
		<wp:postmeta>
			<wp:meta_key><![CDATA[_thumbnail_id]]></wp:meta_key>
			<wp:meta_value><![CDATA[37]]></wp:meta_value>
		</wp:postmeta>
		<wp:postmeta>
			<wp:meta_key><![CDATA[freedom_page_layout]]></wp:meta_key>
			<wp:meta_value><![CDATA[default_layout]]></wp:meta_value>
		</wp:postmeta>
	</item>
	<item>
		<title>MacBook WorkStation Business</title>
		<link>https://demo.themegrill.com/freedom/macbook-workstation-business/</link>
		<pubDate>Tue, 07 Oct 2014 16:08:03 +0000</pubDate>
		<dc:creator><![CDATA[demo@themegrill]]></dc:creator>
		<guid isPermaLink="false">http://demo.themegrill.com/freedom/?p=39</guid>
		<description></description>
		<content:encoded><![CDATA[Fruitcake tootsie roll jelly-o unerdwear.com dessert danish cake jujubes. Jelly-o muffin sesame snaps danish. Danish gingerbread halvah muffin ice cream croissant biscuit. Powder gummies brownie. Cupcake pastry sugar plum cheesecake jelly halvah tiramisu. Wafer unerdwear.com caramels. Sweet lollipop dessert liquorice tootsie roll dragée pudding.

<a href="http://demo.themegrill.com/freedom/wp-content/uploads/sites/10/2014/10/blogger-336371_1280-e1413907905758.jpg"><img src="http://demo.themegrill.com/freedom/wp-content/uploads/sites/10/2014/10/blogger-336371_1280-e1413907905758.jpg" alt="blogger-336371_1280" width="768" height="512" class="alignnone size-full wp-image-41" /></a>

Pudding cake brownie danish apple pie brownie soufflé. Brownie chocolate fruitcake icing chupa chups topping. Ice cream jelly beans sugar plum apple pie tart ice cream dessert gingerbread. Macaroon sweet roll brownie jelly beans gingerbread. Oat cake jelly beans caramels brownie brownie soufflé. Ice cream danish dragée muffin.]]></content:encoded>
		<excerpt:encoded><![CDATA[]]></excerpt:encoded>
		<wp:post_id>39</wp:post_id>
		<wp:post_date><![CDATA[2014-10-07 16:08:03]]></wp:post_date>
		<wp:post_date_gmt><![CDATA[2014-10-07 16:08:03]]></wp:post_date_gmt>
		<wp:comment_status><![CDATA[open]]></wp:comment_status>
		<wp:ping_status><![CDATA[open]]></wp:ping_status>
		<wp:post_name><![CDATA[macbook-workstation-business]]></wp:post_name>
		<wp:status><![CDATA[publish]]></wp:status>
		<wp:post_parent>0</wp:post_parent>
		<wp:menu_order>0</wp:menu_order>
		<wp:post_type><![CDATA[post]]></wp:post_type>
		<wp:post_password><![CDATA[]]></wp:post_password>
		<wp:is_sticky>0</wp:is_sticky>
		<category domain="category" nicename="uncategorized"><![CDATA[Uncategorized]]></category>
		<wp:postmeta>
			<wp:meta_key><![CDATA[_edit_last]]></wp:meta_key>
			<wp:meta_value><![CDATA[1]]></wp:meta_value>
		</wp:postmeta>
		<wp:postmeta>
			<wp:meta_key><![CDATA[_thumbnail_id]]></wp:meta_key>
			<wp:meta_value><![CDATA[40]]></wp:meta_value>
		</wp:postmeta>
		<wp:postmeta>
			<wp:meta_key><![CDATA[freedom_page_layout]]></wp:meta_key>
			<wp:meta_value><![CDATA[default_layout]]></wp:meta_value>
		</wp:postmeta>
	</item>
	<item>
		<title>IPhone 6 by Apple</title>
		<link>https://demo.themegrill.com/freedom/iphone-6-by-apple/</link>
		<pubDate>Wed, 08 Oct 2014 16:16:37 +0000</pubDate>
		<dc:creator><![CDATA[demo@themegrill]]></dc:creator>
		<guid isPermaLink="false">http://demo.themegrill.com/freedom/?p=43</guid>
		<description></description>
		<content:encoded><![CDATA[<a href="http://demo.themegrill.com/freedom/wp-content/uploads/sites/10/2014/10/iphone-6-458155_1280-e1413908178877.jpg"><img src="http://demo.themegrill.com/freedom/wp-content/uploads/sites/10/2014/10/iphone-6-458155_1280-e1413908178877.jpg" alt="iphone-6-458155_1280" width="300" height="449" class="alignleft size-full wp-image-44" /></a>Fruitcake tootsie roll jelly-o unerdwear.com dessert danish cake jujubes. Jelly-o muffin sesame snaps danish. Danish gingerbread halvah muffin ice cream croissant biscuit. Powder gummies brownie. Cupcake pastry sugar plum cheesecake jelly halvah tiramisu. Wafer unerdwear.com caramels. Sweet lollipop dessert liquorice tootsie roll dragée pudding.

Pudding cake brownie danish apple pie brownie soufflé. Brownie chocolate fruitcake icing chupa chups topping. Ice cream jelly beans sugar plum apple pie tart ice cream dessert gingerbread. Macaroon sweet roll brownie jelly beans gingerbread. Oat cake jelly beans caramels brownie brownie soufflé. Ice cream danish dragée muffin.]]></content:encoded>
		<excerpt:encoded><![CDATA[]]></excerpt:encoded>
		<wp:post_id>43</wp:post_id>
		<wp:post_date><![CDATA[2014-10-08 16:16:37]]></wp:post_date>
		<wp:post_date_gmt><![CDATA[2014-10-08 16:16:37]]></wp:post_date_gmt>
		<wp:comment_status><![CDATA[open]]></wp:comment_status>
		<wp:ping_status><![CDATA[open]]></wp:ping_status>
		<wp:post_name><![CDATA[iphone-6-by-apple]]></wp:post_name>
		<wp:status><![CDATA[publish]]></wp:status>
		<wp:post_parent>0</wp:post_parent>
		<wp:menu_order>0</wp:menu_order>
		<wp:post_type><![CDATA[post]]></wp:post_type>
		<wp:post_password><![CDATA[]]></wp:post_password>
		<wp:is_sticky>0</wp:is_sticky>
		<category domain="category" nicename="uncategorized"><![CDATA[Uncategorized]]></category>
		<wp:postmeta>
			<wp:meta_key><![CDATA[_edit_last]]></wp:meta_key>
			<wp:meta_value><![CDATA[1]]></wp:meta_value>
		</wp:postmeta>
		<wp:postmeta>
			<wp:meta_key><![CDATA[_thumbnail_id]]></wp:meta_key>
			<wp:meta_value><![CDATA[44]]></wp:meta_value>
		</wp:postmeta>
		<wp:postmeta>
			<wp:meta_key><![CDATA[freedom_page_layout]]></wp:meta_key>
			<wp:meta_value><![CDATA[default_layout]]></wp:meta_value>
		</wp:postmeta>
	</item>
	<item>
		<title>Left Sidebar</title>
		<link>https://demo.themegrill.com/freedom/left-sidebar/</link>
		<pubDate>Tue, 21 Oct 2014 16:26:52 +0000</pubDate>
		<dc:creator><![CDATA[demo@themegrill]]></dc:creator>
		<guid isPermaLink="false">http://demo.themegrill.com/freedom/?page_id=47</guid>
		<description></description>
		<content:encoded><![CDATA[Marzipan chocolate bar jelly pudding toffee marzipan croissant dragée. Marzipan muffin candy canes apple pie cotton candy tiramisu croissant. Chupa chups lemon drops ice cream.

Gummi bears carrot cake sweet roll chocolate lollipop lollipop. Gummies topping brownie unerdwear.com chupa chups. Carrot cake cookie chocolate carrot cake jujubes carrot cake. Bear claw cotton candy bear claw candy marshmallow dessert biscuit dragée tiramisu.

Bear claw sweet sweet candy canes. Apple pie jelly carrot cake apple pie. Soufflé pastry caramels jujubes ice cream marshmallow. Gummies bear claw marshmallow toffee danish chocolate bar cheesecake.

Marshmallow jujubes bonbon marzipan icing oat cake. Pie toffee toffee macaroon fruitcake cotton candy jelly-o topping. Gummies cotton candy cupcake fruitcake jujubes.

Topping tootsie roll carrot cake candy canes. Liquorice sesame snaps jujubes jelly tart liquorice caramels sugar plum bonbon. Brownie pie chupa chups jelly beans chocolate bar marzipan. Lollipop chupa chups jelly beans cookie.
]]></content:encoded>
		<excerpt:encoded><![CDATA[]]></excerpt:encoded>
		<wp:post_id>47</wp:post_id>
		<wp:post_date><![CDATA[2014-10-21 16:26:52]]></wp:post_date>
		<wp:post_date_gmt><![CDATA[2014-10-21 16:26:52]]></wp:post_date_gmt>
		<wp:comment_status><![CDATA[closed]]></wp:comment_status>
		<wp:ping_status><![CDATA[closed]]></wp:ping_status>
		<wp:post_name><![CDATA[left-sidebar]]></wp:post_name>
		<wp:status><![CDATA[publish]]></wp:status>
		<wp:post_parent>0</wp:post_parent>
		<wp:menu_order>0</wp:menu_order>
		<wp:post_type><![CDATA[page]]></wp:post_type>
		<wp:post_password><![CDATA[]]></wp:post_password>
		<wp:is_sticky>0</wp:is_sticky>
		<wp:postmeta>
			<wp:meta_key><![CDATA[_edit_last]]></wp:meta_key>
			<wp:meta_value><![CDATA[1]]></wp:meta_value>
		</wp:postmeta>
		<wp:postmeta>
			<wp:meta_key><![CDATA[freedom_page_layout]]></wp:meta_key>
			<wp:meta_value><![CDATA[left_sidebar]]></wp:meta_value>
		</wp:postmeta>
		<wp:postmeta>
			<wp:meta_key><![CDATA[_wp_page_template]]></wp:meta_key>
			<wp:meta_value><![CDATA[default]]></wp:meta_value>
		</wp:postmeta>
	</item>
	<item>
		<title>Right Sidebar</title>
		<link>https://demo.themegrill.com/freedom/right-sidebar/</link>
		<pubDate>Tue, 21 Oct 2014 16:27:36 +0000</pubDate>
		<dc:creator><![CDATA[demo@themegrill]]></dc:creator>
		<guid isPermaLink="false">http://demo.themegrill.com/freedom/?page_id=49</guid>
		<description></description>
		<content:encoded><![CDATA[Liquorice wafer liquorice marzipan gingerbread halvah chocolate bar. Caramels chocolate cake danish. Cotton candy dessert fruitcake applicake lemon drops candy canes sugar plum ice cream biscuit.

Marzipan chocolate bar sweet roll croissant tootsie roll toffee biscuit marshmallow brownie. Sweet roll ice cream tootsie roll pudding jelly. Biscuit soufflé bonbon sugar plum sweet jujubes pudding oat cake tart.

Donut jelly-o dragée dessert biscuit tart. Pastry toffee macaroon. Oat cake sweet candy.

Muffin cake cupcake ice cream icing topping. Toffee carrot cake unerdwear.com marshmallow carrot cake muffin. Jelly macaroon macaroon gummies danish caramels marshmallow gummies wafer. Tiramisu danish tart.

Danish dragée toffee cookie apple pie. Chocolate bar cake carrot cake sesame snaps jelly toffee sesame snaps dragée applicake. Tootsie roll soufflé dragée chupa chups icing. Gingerbread chupa chups bonbon icing.
]]></content:encoded>
		<excerpt:encoded><![CDATA[]]></excerpt:encoded>
		<wp:post_id>49</wp:post_id>
		<wp:post_date><![CDATA[2014-10-21 16:27:36]]></wp:post_date>
		<wp:post_date_gmt><![CDATA[2014-10-21 16:27:36]]></wp:post_date_gmt>
		<wp:comment_status><![CDATA[closed]]></wp:comment_status>
		<wp:ping_status><![CDATA[closed]]></wp:ping_status>
		<wp:post_name><![CDATA[right-sidebar]]></wp:post_name>
		<wp:status><![CDATA[publish]]></wp:status>
		<wp:post_parent>0</wp:post_parent>
		<wp:menu_order>0</wp:menu_order>
		<wp:post_type><![CDATA[page]]></wp:post_type>
		<wp:post_password><![CDATA[]]></wp:post_password>
		<wp:is_sticky>0</wp:is_sticky>
		<wp:postmeta>
			<wp:meta_key><![CDATA[_edit_last]]></wp:meta_key>
			<wp:meta_value><![CDATA[1]]></wp:meta_value>
		</wp:postmeta>
		<wp:postmeta>
			<wp:meta_key><![CDATA[freedom_page_layout]]></wp:meta_key>
			<wp:meta_value><![CDATA[right_sidebar]]></wp:meta_value>
		</wp:postmeta>
		<wp:postmeta>
			<wp:meta_key><![CDATA[_wp_page_template]]></wp:meta_key>
			<wp:meta_value><![CDATA[default]]></wp:meta_value>
		</wp:postmeta>
	</item>
	<item>
		<title>No Sidebar Full Width</title>
		<link>https://demo.themegrill.com/freedom/no-sidebar-full-width/</link>
		<pubDate>Tue, 21 Oct 2014 16:28:24 +0000</pubDate>
		<dc:creator><![CDATA[demo@themegrill]]></dc:creator>
		<guid isPermaLink="false">http://demo.themegrill.com/freedom/?page_id=51</guid>
		<description></description>
		<content:encoded><![CDATA[Cotton candy gummi bears pie sweet pudding halvah donut muffin cotton candy. Pudding gummi bears halvah jelly beans tart jelly-o. Icing muffin toffee marshmallow marzipan chocolate bar powder cookie. Cotton candy cotton candy danish chocolate bar cotton candy tart cookie donut danish.

Jelly beans chocolate bar topping bonbon danish tiramisu biscuit muffin. Gummi bears macaroon pie pie soufflé. Cupcake marshmallow muffin cookie sweet roll jelly chocolate bar.

Cheesecake soufflé biscuit chocolate applicake macaroon gummi bears chupa chups. Tootsie roll brownie gummies muffin chocolate cake applicake sweet. Cookie tootsie roll candy toffee caramels.

Ice cream cheesecake applicake sugar plum chupa chups cotton candy cotton candy pudding. Carrot cake halvah lemon drops jelly cake chocolate candy canes jelly beans sesame snaps. Wafer candy canes liquorice sweet roll brownie marshmallow muffin. Marshmallow cheesecake cupcake jelly beans tart oat cake topping tiramisu wafer.

Biscuit chupa chups dessert marshmallow wafer chocolate bar soufflé. Bear claw dragée topping gummies oat cake toffee tiramisu. Jujubes pastry macaroon oat cake pie chupa chups apple pie applicake chocolate bar. Brownie tootsie roll macaroon toffee topping carrot cake candy powder.
]]></content:encoded>
		<excerpt:encoded><![CDATA[]]></excerpt:encoded>
		<wp:post_id>51</wp:post_id>
		<wp:post_date><![CDATA[2014-10-21 16:28:24]]></wp:post_date>
		<wp:post_date_gmt><![CDATA[2014-10-21 16:28:24]]></wp:post_date_gmt>
		<wp:comment_status><![CDATA[closed]]></wp:comment_status>
		<wp:ping_status><![CDATA[closed]]></wp:ping_status>
		<wp:post_name><![CDATA[no-sidebar-full-width]]></wp:post_name>
		<wp:status><![CDATA[publish]]></wp:status>
		<wp:post_parent>0</wp:post_parent>
		<wp:menu_order>0</wp:menu_order>
		<wp:post_type><![CDATA[page]]></wp:post_type>
		<wp:post_password><![CDATA[]]></wp:post_password>
		<wp:is_sticky>0</wp:is_sticky>
		<wp:postmeta>
			<wp:meta_key><![CDATA[_edit_last]]></wp:meta_key>
			<wp:meta_value><![CDATA[1]]></wp:meta_value>
		</wp:postmeta>
		<wp:postmeta>
			<wp:meta_key><![CDATA[freedom_page_layout]]></wp:meta_key>
			<wp:meta_value><![CDATA[no_sidebar_full_width]]></wp:meta_value>
		</wp:postmeta>
		<wp:postmeta>
			<wp:meta_key><![CDATA[_wp_page_template]]></wp:meta_key>
			<wp:meta_value><![CDATA[default]]></wp:meta_value>
		</wp:postmeta>
	</item>
	<item>
		<title>No Sidebar Content Centered </title>
		<link>https://demo.themegrill.com/freedom/no-sidebar-content-centered/</link>
		<pubDate>Tue, 21 Oct 2014 16:29:08 +0000</pubDate>
		<dc:creator><![CDATA[demo@themegrill]]></dc:creator>
		<guid isPermaLink="false">http://demo.themegrill.com/freedom/?page_id=53</guid>
		<description></description>
		<content:encoded><![CDATA[Dragée bear claw caramels marshmallow. Apple pie wafer wafer applicake gummies. Gummies sugar plum cupcake dragée jelly-o candy candy canes soufflé dessert. Chocolate cake tart sweet roll.

Icing dragée apple pie chocolate cake pie. Cake chupa chups macaroon powder. Candy canes toffee tootsie roll muffin powder sugar plum brownie jujubes gummi bears. Sweet jelly-o tootsie roll dessert cotton candy carrot cake.

Cotton candy liquorice cheesecake dessert candy gingerbread liquorice gummies tart. Bear claw sesame snaps chupa chups. Liquorice muffin gummies pastry cheesecake oat cake. Gingerbread cupcake jelly-o.

Soufflé applicake powder. Tootsie roll chocolate bar powder gingerbread jelly tiramisu jelly beans. Muffin cupcake macaroon candy.

Muffin gummi bears donut sweet roll carrot cake. Oat cake cupcake marzipan jelly oat cake powder sweet roll pastry. Bear claw lemon drops pie tootsie roll muffin unerdwear.com liquorice applicake soufflé.
]]></content:encoded>
		<excerpt:encoded><![CDATA[]]></excerpt:encoded>
		<wp:post_id>53</wp:post_id>
		<wp:post_date><![CDATA[2014-10-21 16:29:08]]></wp:post_date>
		<wp:post_date_gmt><![CDATA[2014-10-21 16:29:08]]></wp:post_date_gmt>
		<wp:comment_status><![CDATA[closed]]></wp:comment_status>
		<wp:ping_status><![CDATA[closed]]></wp:ping_status>
		<wp:post_name><![CDATA[no-sidebar-content-centered]]></wp:post_name>
		<wp:status><![CDATA[publish]]></wp:status>
		<wp:post_parent>0</wp:post_parent>
		<wp:menu_order>0</wp:menu_order>
		<wp:post_type><![CDATA[page]]></wp:post_type>
		<wp:post_password><![CDATA[]]></wp:post_password>
		<wp:is_sticky>0</wp:is_sticky>
		<wp:postmeta>
			<wp:meta_key><![CDATA[_edit_last]]></wp:meta_key>
			<wp:meta_value><![CDATA[1]]></wp:meta_value>
		</wp:postmeta>
		<wp:postmeta>
			<wp:meta_key><![CDATA[freedom_page_layout]]></wp:meta_key>
			<wp:meta_value><![CDATA[no_sidebar_content_centered]]></wp:meta_value>
		</wp:postmeta>
		<wp:postmeta>
			<wp:meta_key><![CDATA[_wp_page_template]]></wp:meta_key>
			<wp:meta_value><![CDATA[default]]></wp:meta_value>
		</wp:postmeta>
	</item>
	<item>
		<title>Typography</title>
		<link>https://demo.themegrill.com/freedom/typography/</link>
		<pubDate>Tue, 21 Oct 2014 16:41:39 +0000</pubDate>
		<dc:creator><![CDATA[demo@themegrill]]></dc:creator>
		<guid isPermaLink="false">http://demo.themegrill.com/freedom/?page_id=59</guid>
		<description></description>
		<content:encoded><![CDATA[<p>Below is just about every <abbr title="HyperText Markup Language">HTML</abbr> element you might want to use in your blog posts. Check the source code to see the many embedded elements within paragraphs.</p>
<hr>
<h1>Heading 1</h1>
<h2>Heading 2</h2>
<h3>Heading 3</h3>
<h4>Heading 4</h4>
<h5>Heading 5</h5>
<h6>Heading 6</h6>
<hr>
<p>Lorem ipsum dolor sit amet, <a href="#" title="test link">test link</a> adipiscing elit. <strong>This is strong.</strong> Nullam dignissim convallis est. Quisque aliquam. <em>This is emphasized.</em> Donec faucibus. Nunc iaculis suscipit dui. 5<sup>3</sup> = 125. Water is H<sub>2</sub>O. Nam sit amet sem. Aliquam libero nisi, imperdiet at, tincidunt nec, gravida vehicula, nisl. <cite>The New York Times</cite> (That’s a citation). <span style="text-decoration:underline;">Underline.</span> Maecenas ornare tortor. Donec sed tellus eget sapien fringilla nonummy. Mauris a ante. Suspendisse quam sem, consequat at, commodo vitae, feugiat in, nunc. Morbi imperdiet augue quis tellus. <abbr title="HyperText Markup Language">HTML</abbr> and <abbr title="Cascading Style Sheets">CSS</abbr> are our tools. Mauris a ante. Suspendisse quam sem, consequat at, commodo vitae, feugiat in, nunc. Morbi imperdiet augue quis tellus. Praesent mattis, massa quis luctus fermentum, turpis mi volutpat justo, eu volutpat enim diam eget metus. To copy a file type <code>COPY <var>filename</var></code>.</p>
<p><del>Dinner’s at 5:00.</del><ins>Let’s make that 7.</ins></p>
<p>This <span style="text-decoration:line-through;">text</span> has been struck.</p>
<hr>
<h2>List Types</h2>
<h3>Definition List</h3>
<dl>
<dt>Definition List Title</dt>
<dd>This is a definition list division.</dd>
<dt>Definition</dt>
<dd>An exact statement or description of the nature, scope, or meaning of something: <em>our definition of what constitutes poetry.</em></dd>
</dl>
<h3>Ordered List</h3>
<ol>
<li>List Item 1</li>
<li>List Item 2
<ol>
<li>Nested list item A</li>
<li>Nested list item B</li>
</ol>
</li>
<li>List Item 3</li>
</ol>
<h3>Unordered List</h3>
<ul>
<li>List Item 1</li>
<li>List Item 2
<ul>
<li>Nested list item A</li>
<li>Nested list item B</li>
</ul>
</li>
<li>List Item 3</li>
</ul>
<hr>
<h2>Table</h2>
<table>
<tbody>
<tr>
<th>Table Header 1</th>
<th>Table Header 2</th>
<th>Table Header 3</th>
</tr>
<tr>
<td>Division 1</td>
<td>Division 2</td>
<td>Division 3</td>
</tr>
<tr class="even">
<td>Division 1</td>
<td>Division 2</td>
<td>Division 3</td>
</tr>
<tr>
<td>Division 1</td>
<td>Division 2</td>
<td>Division 3</td>
</tr>
</tbody>
</table>
<hr>
<h2>Preformatted Text</h2>
<p>Typographically, preformatted text is not the same thing as code. Sometimes, a faithful execution of the text requires preformatted text that may not have anything to do with code. For&nbsp;example:</p>
<pre>“Beware the Jabberwock, my son!
    The jaws that bite, the claws that catch!
Beware the Jubjub bird, and shun
    The frumious Bandersnatch!”</pre>
<h3>Code</h3>
<p>Code can be presented inline, like <code>&lt;?php bloginfo('stylesheet_url'); ?&gt;</code>, or within a <code>&lt;pre&gt;</code> block.</p>
<pre><code>#container { float: left; margin: 0 -240px 0 0; width: 100%; }</code></pre>
<hr>
<h2>Blockquotes</h2>
<p>Let’s keep it simple.</p>
<blockquote><p>Good afternoon, gentlemen. I am a HAL 9000 computer. I became operational at the H.A.L. plant in Urbana, Illinois on the 12th of January 1992. My instructor was Mr. Langley, and he taught me to sing a song. If you’d like to hear it I can sing it for you. <cite>&mdash; <a href="http://en.wikipedia.org/wiki/HAL_9000">HAL 9000</a></cite></p></blockquote>
<p>And here’s a bit of trailing text.</p>
<h2>LaTeX</h2>
<h3>Inline</h3>
<p>Hello <img class="latex" title="LaTeX" alt="LaTeX" src="http://s0.wp.com/latex.php?latex=LaTeX&amp;bg=ffffff&amp;fg=333333&amp;s=0">, <a href="http://en.support.wordpress.com/latex/">how are you?</a></p>
<p>This has a superscript <img class="latex" title="M^M" alt="M^M" src="http://s0.wp.com/latex.php?latex=M%5EM&amp;bg=ffffff&amp;fg=333333&amp;s=0"> in it.</p>
<p>This has a subscript <img class="latex" title="W_W" alt="W_W" src="http://s0.wp.com/latex.php?latex=W_W&amp;bg=ffffff&amp;fg=333333&amp;s=0"> in it.</p>
<p>This has both <img class="latex" title="M^M_M" alt="M^M_M" src="http://s0.wp.com/latex.php?latex=M%5EM_M&amp;bg=ffffff&amp;fg=333333&amp;s=0"> zomg.</p>
<p>Getting crazy <img class="latex" title="M^{M_M}" alt="M^{M_M}" src="http://s0.wp.com/latex.php?latex=M%5E%7BM_M%7D&amp;bg=ffffff&amp;fg=333333&amp;s=0"> woo.</p>
<p>Hey now <img class="latex" title="M_{M^M}" alt="M_{M^M}" src="http://s0.wp.com/latex.php?latex=M_%7BM%5EM%7D&amp;bg=ffffff&amp;fg=333333&amp;s=0"> stop it.</p>
<p>One more: <img class="latex" title="M^M_M  M^{M_M} M_{M^M}" alt="M^M_M  M^{M_M} M_{M^M}" src="http://s0.wp.com/latex.php?latex=M%5EM_M++M%5E%7BM_M%7D+M_%7BM%5EM%7D&amp;bg=ffffff&amp;fg=333333&amp;s=0"></p>
]]></content:encoded>
		<excerpt:encoded><![CDATA[]]></excerpt:encoded>
		<wp:post_id>59</wp:post_id>
		<wp:post_date><![CDATA[2014-10-21 16:41:39]]></wp:post_date>
		<wp:post_date_gmt><![CDATA[2014-10-21 16:41:39]]></wp:post_date_gmt>
		<wp:comment_status><![CDATA[closed]]></wp:comment_status>
		<wp:ping_status><![CDATA[closed]]></wp:ping_status>
		<wp:post_name><![CDATA[typography]]></wp:post_name>
		<wp:status><![CDATA[publish]]></wp:status>
		<wp:post_parent>0</wp:post_parent>
		<wp:menu_order>0</wp:menu_order>
		<wp:post_type><![CDATA[page]]></wp:post_type>
		<wp:post_password><![CDATA[]]></wp:post_password>
		<wp:is_sticky>0</wp:is_sticky>
		<wp:postmeta>
			<wp:meta_key><![CDATA[_edit_last]]></wp:meta_key>
			<wp:meta_value><![CDATA[1]]></wp:meta_value>
		</wp:postmeta>
		<wp:postmeta>
			<wp:meta_key><![CDATA[freedom_page_layout]]></wp:meta_key>
			<wp:meta_value><![CDATA[default_layout]]></wp:meta_value>
		</wp:postmeta>
		<wp:postmeta>
			<wp:meta_key><![CDATA[_wp_page_template]]></wp:meta_key>
			<wp:meta_value><![CDATA[default]]></wp:meta_value>
		</wp:postmeta>
	</item>
	<item>
		<title>View Pro</title>
		<link>https://demo.themegrill.com/freedom/view-pro/</link>
		<pubDate>Thu, 23 Oct 2014 18:44:37 +0000</pubDate>
		<dc:creator><![CDATA[demo@themegrill]]></dc:creator>
		<guid isPermaLink="false">http://demo.themegrill.com/freedom/?p=63</guid>
		<description></description>
		<content:encoded><![CDATA[]]></content:encoded>
		<excerpt:encoded><![CDATA[]]></excerpt:encoded>
		<wp:post_id>63</wp:post_id>
		<wp:post_date><![CDATA[2014-10-23 18:44:37]]></wp:post_date>
		<wp:post_date_gmt><![CDATA[2014-10-23 18:44:37]]></wp:post_date_gmt>
		<wp:comment_status><![CDATA[open]]></wp:comment_status>
		<wp:ping_status><![CDATA[closed]]></wp:ping_status>
		<wp:post_name><![CDATA[view-pro]]></wp:post_name>
		<wp:status><![CDATA[publish]]></wp:status>
		<wp:post_parent>0</wp:post_parent>
		<wp:menu_order>11</wp:menu_order>
		<wp:post_type><![CDATA[nav_menu_item]]></wp:post_type>
		<wp:post_password><![CDATA[]]></wp:post_password>
		<wp:is_sticky>0</wp:is_sticky>
		<category domain="nav_menu" nicename="main-menu"><![CDATA[Main Menu]]></category>
		<wp:postmeta>
			<wp:meta_key><![CDATA[_menu_item_type]]></wp:meta_key>
			<wp:meta_value><![CDATA[custom]]></wp:meta_value>
		</wp:postmeta>
		<wp:postmeta>
			<wp:meta_key><![CDATA[_menu_item_menu_item_parent]]></wp:meta_key>
			<wp:meta_value><![CDATA[0]]></wp:meta_value>
		</wp:postmeta>
		<wp:postmeta>
			<wp:meta_key><![CDATA[_menu_item_object_id]]></wp:meta_key>
			<wp:meta_value><![CDATA[63]]></wp:meta_value>
		</wp:postmeta>
		<wp:postmeta>
			<wp:meta_key><![CDATA[_menu_item_object]]></wp:meta_key>
			<wp:meta_value><![CDATA[custom]]></wp:meta_value>
		</wp:postmeta>
		<wp:postmeta>
			<wp:meta_key><![CDATA[_menu_item_target]]></wp:meta_key>
			<wp:meta_value><![CDATA[]]></wp:meta_value>
		</wp:postmeta>
		<wp:postmeta>
			<wp:meta_key><![CDATA[_menu_item_classes]]></wp:meta_key>
			<wp:meta_value><![CDATA[a:1:{i:0;s:0:"";}]]></wp:meta_value>
		</wp:postmeta>
		<wp:postmeta>
			<wp:meta_key><![CDATA[_menu_item_xfn]]></wp:meta_key>
			<wp:meta_value><![CDATA[]]></wp:meta_value>
		</wp:postmeta>
		<wp:postmeta>
			<wp:meta_key><![CDATA[_menu_item_url]]></wp:meta_key>
			<wp:meta_value><![CDATA[http://demo.themegrill.com/freedom-pro]]></wp:meta_value>
		</wp:postmeta>
		<wp:postmeta>
			<wp:meta_key><![CDATA[_jetpack_dont_email_post_to_subs]]></wp:meta_key>
			<wp:meta_value><![CDATA[1]]></wp:meta_value>
		</wp:postmeta>
	</item>
	<item>
		<title>Download</title>
		<link>https://demo.themegrill.com/freedom/download/</link>
		<pubDate>Mon, 16 Mar 2015 10:54:47 +0000</pubDate>
		<dc:creator><![CDATA[demo@themegrill]]></dc:creator>
		<guid isPermaLink="false">http://demo.themegrill.com/freedom/?p=70</guid>
		<description></description>
		<content:encoded><![CDATA[]]></content:encoded>
		<excerpt:encoded><![CDATA[]]></excerpt:encoded>
		<wp:post_id>70</wp:post_id>
		<wp:post_date><![CDATA[2015-03-16 10:54:47]]></wp:post_date>
		<wp:post_date_gmt><![CDATA[2015-03-16 10:54:47]]></wp:post_date_gmt>
		<wp:comment_status><![CDATA[open]]></wp:comment_status>
		<wp:ping_status><![CDATA[closed]]></wp:ping_status>
		<wp:post_name><![CDATA[download]]></wp:post_name>
		<wp:status><![CDATA[publish]]></wp:status>
		<wp:post_parent>0</wp:post_parent>
		<wp:menu_order>2</wp:menu_order>
		<wp:post_type><![CDATA[nav_menu_item]]></wp:post_type>
		<wp:post_password><![CDATA[]]></wp:post_password>
		<wp:is_sticky>0</wp:is_sticky>
		<category domain="nav_menu" nicename="main-menu"><![CDATA[Main Menu]]></category>
		<wp:postmeta>
			<wp:meta_key><![CDATA[_menu_item_type]]></wp:meta_key>
			<wp:meta_value><![CDATA[custom]]></wp:meta_value>
		</wp:postmeta>
		<wp:postmeta>
			<wp:meta_key><![CDATA[_menu_item_menu_item_parent]]></wp:meta_key>
			<wp:meta_value><![CDATA[0]]></wp:meta_value>
		</wp:postmeta>
		<wp:postmeta>
			<wp:meta_key><![CDATA[_menu_item_object_id]]></wp:meta_key>
			<wp:meta_value><![CDATA[70]]></wp:meta_value>
		</wp:postmeta>
		<wp:postmeta>
			<wp:meta_key><![CDATA[_menu_item_object]]></wp:meta_key>
			<wp:meta_value><![CDATA[custom]]></wp:meta_value>
		</wp:postmeta>
		<wp:postmeta>
			<wp:meta_key><![CDATA[_menu_item_target]]></wp:meta_key>
			<wp:meta_value><![CDATA[]]></wp:meta_value>
		</wp:postmeta>
		<wp:postmeta>
			<wp:meta_key><![CDATA[_menu_item_classes]]></wp:meta_key>
			<wp:meta_value><![CDATA[a:1:{i:0;s:0:"";}]]></wp:meta_value>
		</wp:postmeta>
		<wp:postmeta>
			<wp:meta_key><![CDATA[_menu_item_xfn]]></wp:meta_key>
			<wp:meta_value><![CDATA[]]></wp:meta_value>
		</wp:postmeta>
		<wp:postmeta>
			<wp:meta_key><![CDATA[_menu_item_url]]></wp:meta_key>
			<wp:meta_value><![CDATA[http://themegrill.com/themes/freedom/]]></wp:meta_value>
		</wp:postmeta>
		<wp:postmeta>
			<wp:meta_key><![CDATA[_wpas_done_all]]></wp:meta_key>
			<wp:meta_value><![CDATA[1]]></wp:meta_value>
		</wp:postmeta>
		<wp:postmeta>
			<wp:meta_key><![CDATA[_jetpack_dont_email_post_to_subs]]></wp:meta_key>
			<wp:meta_value><![CDATA[1]]></wp:meta_value>
		</wp:postmeta>
	</item>
</channel>
</rss>
