<?xml version="1.0" encoding="UTF-8" ?>
<!-- This is a WordPress eXtended RSS file generated by WordPress as an export of your site. -->
<!-- It contains information about your site's posts, pages, comments, categories, and other content. -->
<!-- You may use this file to transfer that content from one site to another. -->
<!-- This file is not intended to serve as a complete backup of your site. -->

<!-- To import this information into a WordPress site follow these steps: -->
<!-- 1. Log in to that site as an administrator. -->
<!-- 2. Go to Tools: Import in the WordPress admin panel. -->
<!-- 3. Install the "WordPress" importer from the list. -->
<!-- 4. Activate & Run Importer. -->
<!-- 5. Upload this file using the form provided on that page. -->
<!-- 6. You will first be asked to map the authors in this export file to users -->
<!--    on the site. For each author, you may choose to map to an -->
<!--    existing user on the site or to create a new user. -->
<!-- 7. WordPress will then import each of the posts, pages, comments, categories, etc. -->
<!--    contained in this file into your site. -->


<rss version="2.0"
	xmlns:excerpt="http://wordpress.org/export/1.2/excerpt/"
	xmlns:content="http://purl.org/rss/1.0/modules/content/"
	xmlns:wfw="http://wellformedweb.org/CommentAPI/"
	xmlns:dc="http://purl.org/dc/elements/1.1/"
	xmlns:wp="http://wordpress.org/export/1.2/"
>

<channel>
	<title>Radiate</title>
	<link>https://demo.themegrill.com/radiate</link>
	<description>Just another ThemeGrill Demo site</description>
	<pubDate>Tue, 18 Jun 2019 06:33:33 +0000</pubDate>
	<language>en-US</language>
	<wp:wxr_version>1.2</wp:wxr_version>
	<wp:base_site_url>http://demo.themegrill.com/</wp:base_site_url>
	<wp:base_blog_url>https://demo.themegrill.com/radiate</wp:base_blog_url>

	<wp:author><wp:author_id>1</wp:author_id><wp:author_login><![CDATA[demo@themegrill]]></wp:author_login><wp:author_email><![CDATA[themegrill@gmail.com]]></wp:author_email><wp:author_display_name><![CDATA[TG-Demo Team]]></wp:author_display_name><wp:author_first_name><![CDATA[TG-Demo]]></wp:author_first_name><wp:author_last_name><![CDATA[Team]]></wp:author_last_name></wp:author>
	<wp:author><wp:author_id>30</wp:author_id><wp:author_login><![CDATA[themeeditor]]></wp:author_login><wp:author_email><![CDATA[support@themegrill.com]]></wp:author_email><wp:author_display_name><![CDATA[TG-Demo Team]]></wp:author_display_name><wp:author_first_name><![CDATA[TG-Demo]]></wp:author_first_name><wp:author_last_name><![CDATA[Team]]></wp:author_last_name></wp:author>

	<wp:category>
		<wp:term_id>4</wp:term_id>
		<wp:category_nicename><![CDATA[sweets]]></wp:category_nicename>
		<wp:category_parent><![CDATA[]]></wp:category_parent>
		<wp:cat_name><![CDATA[Sweets]]></wp:cat_name>
	</wp:category>
	<wp:category>
		<wp:term_id>1</wp:term_id>
		<wp:category_nicename><![CDATA[uncategorized]]></wp:category_nicename>
		<wp:category_parent><![CDATA[]]></wp:category_parent>
		<wp:cat_name><![CDATA[Uncategorized]]></wp:cat_name>
	</wp:category>
	<wp:tag>
		<wp:term_id>2</wp:term_id>
		<wp:tag_slug><![CDATA[desert]]></wp:tag_slug>
		<wp:tag_name><![CDATA[Desert]]></wp:tag_name>
	</wp:tag>
	<wp:term>
		<wp:term_id><![CDATA[2]]></wp:term_id>
		<wp:term_taxonomy><![CDATA[post_tag]]></wp:term_taxonomy>
		<wp:term_slug><![CDATA[desert]]></wp:term_slug>
		<wp:term_parent><![CDATA[]]></wp:term_parent>
		<wp:term_name><![CDATA[Desert]]></wp:term_name>
	</wp:term>
	<wp:term>
		<wp:term_id><![CDATA[3]]></wp:term_id>
		<wp:term_taxonomy><![CDATA[nav_menu]]></wp:term_taxonomy>
		<wp:term_slug><![CDATA[main]]></wp:term_slug>
		<wp:term_parent><![CDATA[]]></wp:term_parent>
		<wp:term_name><![CDATA[Main]]></wp:term_name>
	</wp:term>
	<wp:term>
		<wp:term_id><![CDATA[4]]></wp:term_id>
		<wp:term_taxonomy><![CDATA[category]]></wp:term_taxonomy>
		<wp:term_slug><![CDATA[sweets]]></wp:term_slug>
		<wp:term_parent><![CDATA[]]></wp:term_parent>
		<wp:term_name><![CDATA[Sweets]]></wp:term_name>
	</wp:term>
	<wp:term>
		<wp:term_id><![CDATA[1]]></wp:term_id>
		<wp:term_taxonomy><![CDATA[category]]></wp:term_taxonomy>
		<wp:term_slug><![CDATA[uncategorized]]></wp:term_slug>
		<wp:term_parent><![CDATA[]]></wp:term_parent>
		<wp:term_name><![CDATA[Uncategorized]]></wp:term_name>
	</wp:term>
	<wp:term><wp:term_id>3</wp:term_id><wp:term_taxonomy>nav_menu</wp:term_taxonomy><wp:term_slug><![CDATA[main]]></wp:term_slug><wp:term_name><![CDATA[Main]]></wp:term_name>
</wp:term>

	

	<item>
		<title>camera</title>
		<link>https://demo.themegrill.com/radiate/free-support/camera/</link>
		<pubDate>Tue, 18 Feb 2014 13:28:46 +0000</pubDate>
		<dc:creator><![CDATA[demo@themegrill]]></dc:creator>
		<guid isPermaLink="false">http://demo.themegrill.com/radiate/wp-content/uploads/sites/3/2014/02/camera.jpg</guid>
		<description></description>
		<content:encoded><![CDATA[]]></content:encoded>
		<excerpt:encoded><![CDATA[Camera]]></excerpt:encoded>
		<wp:post_id>49</wp:post_id>
		<wp:post_date><![CDATA[2014-02-18 13:28:46]]></wp:post_date>
		<wp:post_date_gmt><![CDATA[2014-02-18 13:28:46]]></wp:post_date_gmt>
		<wp:comment_status><![CDATA[open]]></wp:comment_status>
		<wp:ping_status><![CDATA[open]]></wp:ping_status>
		<wp:post_name><![CDATA[camera]]></wp:post_name>
		<wp:status><![CDATA[inherit]]></wp:status>
		<wp:post_parent>46</wp:post_parent>
		<wp:menu_order>0</wp:menu_order>
		<wp:post_type><![CDATA[attachment]]></wp:post_type>
		<wp:post_password><![CDATA[]]></wp:post_password>
		<wp:is_sticky>0</wp:is_sticky>
		<wp:attachment_url><![CDATA[https://demo.themegrill.com/radiate/wp-content/uploads/sites/3/2014/02/camera.jpg]]></wp:attachment_url>
		<wp:postmeta>
			<wp:meta_key><![CDATA[_wp_attached_file]]></wp:meta_key>
			<wp:meta_value><![CDATA[2014/02/camera.jpg]]></wp:meta_value>
		</wp:postmeta>
		<wp:postmeta>
			<wp:meta_key><![CDATA[_wp_attachment_metadata]]></wp:meta_key>
			<wp:meta_value><![CDATA[a:5:{s:5:"width";i:500;s:6:"height";i:400;s:4:"file";s:18:"2014/02/camera.jpg";s:5:"sizes";a:2:{s:9:"thumbnail";a:4:{s:4:"file";s:18:"camera-150x150.jpg";s:5:"width";i:150;s:6:"height";i:150;s:9:"mime-type";s:10:"image/jpeg";}s:6:"medium";a:4:{s:4:"file";s:18:"camera-300x240.jpg";s:5:"width";i:300;s:6:"height";i:240;s:9:"mime-type";s:10:"image/jpeg";}}s:10:"image_meta";a:10:{s:8:"aperture";d:3.20000000000000017763568394002504646778106689453125;s:6:"credit";s:0:"";s:6:"camera";s:11:"NIKON D7000";s:7:"caption";s:0:"";s:17:"created_timestamp";i:1392323689;s:9:"copyright";s:0:"";s:12:"focal_length";s:2:"50";s:3:"iso";s:4:"1000";s:13:"shutter_speed";s:5:"0.025";s:5:"title";s:0:"";}}]]></wp:meta_value>
		</wp:postmeta>
	</item>
	<item>
		<title>camera1</title>
		<link>https://demo.themegrill.com/radiate/free-support/camera1/</link>
		<pubDate>Tue, 18 Feb 2014 13:36:09 +0000</pubDate>
		<dc:creator><![CDATA[demo@themegrill]]></dc:creator>
		<guid isPermaLink="false">http://demo.themegrill.com/radiate/wp-content/uploads/sites/3/2014/02/camera1.jpg</guid>
		<description></description>
		<content:encoded><![CDATA[]]></content:encoded>
		<excerpt:encoded><![CDATA[]]></excerpt:encoded>
		<wp:post_id>50</wp:post_id>
		<wp:post_date><![CDATA[2014-02-18 13:36:09]]></wp:post_date>
		<wp:post_date_gmt><![CDATA[2014-02-18 13:36:09]]></wp:post_date_gmt>
		<wp:comment_status><![CDATA[open]]></wp:comment_status>
		<wp:ping_status><![CDATA[open]]></wp:ping_status>
		<wp:post_name><![CDATA[camera1]]></wp:post_name>
		<wp:status><![CDATA[inherit]]></wp:status>
		<wp:post_parent>46</wp:post_parent>
		<wp:menu_order>0</wp:menu_order>
		<wp:post_type><![CDATA[attachment]]></wp:post_type>
		<wp:post_password><![CDATA[]]></wp:post_password>
		<wp:is_sticky>0</wp:is_sticky>
		<wp:attachment_url><![CDATA[https://demo.themegrill.com/radiate/wp-content/uploads/sites/3/2014/02/camera1.jpg]]></wp:attachment_url>
		<wp:postmeta>
			<wp:meta_key><![CDATA[_wp_attached_file]]></wp:meta_key>
			<wp:meta_value><![CDATA[2014/02/camera1.jpg]]></wp:meta_value>
		</wp:postmeta>
		<wp:postmeta>
			<wp:meta_key><![CDATA[_wp_attachment_metadata]]></wp:meta_key>
			<wp:meta_value><![CDATA[a:5:{s:5:"width";i:755;s:6:"height";i:500;s:4:"file";s:19:"2014/02/camera1.jpg";s:5:"sizes";a:2:{s:9:"thumbnail";a:4:{s:4:"file";s:19:"camera1-150x150.jpg";s:5:"width";i:150;s:6:"height";i:150;s:9:"mime-type";s:10:"image/jpeg";}s:6:"medium";a:4:{s:4:"file";s:19:"camera1-300x198.jpg";s:5:"width";i:300;s:6:"height";i:198;s:9:"mime-type";s:10:"image/jpeg";}}s:10:"image_meta";a:10:{s:8:"aperture";d:3.20000000000000017763568394002504646778106689453125;s:6:"credit";s:0:"";s:6:"camera";s:11:"NIKON D7000";s:7:"caption";s:0:"";s:17:"created_timestamp";i:1392323689;s:9:"copyright";s:0:"";s:12:"focal_length";s:2:"50";s:3:"iso";s:4:"1000";s:13:"shutter_speed";s:5:"0.025";s:5:"title";s:0:"";}}]]></wp:meta_value>
		</wp:postmeta>
	</item>
	<item>
		<title>Bird</title>
		<link>https://demo.themegrill.com/radiate/parallax-header/bird/</link>
		<pubDate>Tue, 18 Feb 2014 13:42:17 +0000</pubDate>
		<dc:creator><![CDATA[demo@themegrill]]></dc:creator>
		<guid isPermaLink="false">http://demo.themegrill.com/radiate/wp-content/uploads/sites/3/2014/02/Bird.jpg</guid>
		<description></description>
		<content:encoded><![CDATA[]]></content:encoded>
		<excerpt:encoded><![CDATA[Birds on the woods]]></excerpt:encoded>
		<wp:post_id>51</wp:post_id>
		<wp:post_date><![CDATA[2014-02-18 13:42:17]]></wp:post_date>
		<wp:post_date_gmt><![CDATA[2014-02-18 13:42:17]]></wp:post_date_gmt>
		<wp:comment_status><![CDATA[open]]></wp:comment_status>
		<wp:ping_status><![CDATA[open]]></wp:ping_status>
		<wp:post_name><![CDATA[bird]]></wp:post_name>
		<wp:status><![CDATA[inherit]]></wp:status>
		<wp:post_parent>42</wp:post_parent>
		<wp:menu_order>0</wp:menu_order>
		<wp:post_type><![CDATA[attachment]]></wp:post_type>
		<wp:post_password><![CDATA[]]></wp:post_password>
		<wp:is_sticky>0</wp:is_sticky>
		<wp:attachment_url><![CDATA[https://demo.themegrill.com/radiate/wp-content/uploads/sites/3/2014/02/Bird.jpg]]></wp:attachment_url>
		<wp:postmeta>
			<wp:meta_key><![CDATA[_wp_attached_file]]></wp:meta_key>
			<wp:meta_value><![CDATA[2014/02/Bird.jpg]]></wp:meta_value>
		</wp:postmeta>
		<wp:postmeta>
			<wp:meta_key><![CDATA[_wp_attachment_metadata]]></wp:meta_key>
			<wp:meta_value><![CDATA[a:5:{s:5:"width";i:753;s:6:"height";i:500;s:4:"file";s:16:"2014/02/Bird.jpg";s:5:"sizes";a:2:{s:9:"thumbnail";a:4:{s:4:"file";s:16:"Bird-150x150.jpg";s:5:"width";i:150;s:6:"height";i:150;s:9:"mime-type";s:10:"image/jpeg";}s:6:"medium";a:4:{s:4:"file";s:16:"Bird-300x199.jpg";s:5:"width";i:300;s:6:"height";i:199;s:9:"mime-type";s:10:"image/jpeg";}}s:10:"image_meta";a:10:{s:8:"aperture";d:4;s:6:"credit";s:0:"";s:6:"camera";s:9:"NIKON D90";s:7:"caption";s:0:"";s:17:"created_timestamp";i:1379618215;s:9:"copyright";s:0:"";s:12:"focal_length";s:2:"70";s:3:"iso";s:3:"320";s:13:"shutter_speed";s:7:"0.00025";s:5:"title";s:0:"";}}]]></wp:meta_value>
		</wp:postmeta>
	</item>
	<item>
		<title>unsplash</title>
		<link>https://demo.themegrill.com/radiate/simple-clean-design/unsplash/</link>
		<pubDate>Tue, 18 Feb 2014 14:00:13 +0000</pubDate>
		<dc:creator><![CDATA[demo@themegrill]]></dc:creator>
		<guid isPermaLink="false">http://demo.themegrill.com/radiate/wp-content/uploads/sites/3/2014/02/unsplash.jpg</guid>
		<description></description>
		<content:encoded><![CDATA[]]></content:encoded>
		<excerpt:encoded><![CDATA[Couple enjoying the view]]></excerpt:encoded>
		<wp:post_id>57</wp:post_id>
		<wp:post_date><![CDATA[2014-02-18 14:00:13]]></wp:post_date>
		<wp:post_date_gmt><![CDATA[2014-02-18 14:00:13]]></wp:post_date_gmt>
		<wp:comment_status><![CDATA[open]]></wp:comment_status>
		<wp:ping_status><![CDATA[open]]></wp:ping_status>
		<wp:post_name><![CDATA[unsplash]]></wp:post_name>
		<wp:status><![CDATA[inherit]]></wp:status>
		<wp:post_parent>44</wp:post_parent>
		<wp:menu_order>0</wp:menu_order>
		<wp:post_type><![CDATA[attachment]]></wp:post_type>
		<wp:post_password><![CDATA[]]></wp:post_password>
		<wp:is_sticky>0</wp:is_sticky>
		<wp:attachment_url><![CDATA[https://demo.themegrill.com/radiate/wp-content/uploads/sites/3/2014/02/unsplash.jpg]]></wp:attachment_url>
		<wp:postmeta>
			<wp:meta_key><![CDATA[_wp_attached_file]]></wp:meta_key>
			<wp:meta_value><![CDATA[2014/02/unsplash.jpg]]></wp:meta_value>
		</wp:postmeta>
		<wp:postmeta>
			<wp:meta_key><![CDATA[_wp_attachment_metadata]]></wp:meta_key>
			<wp:meta_value><![CDATA[a:5:{s:5:"width";i:755;s:6:"height";i:500;s:4:"file";s:20:"2014/02/unsplash.jpg";s:5:"sizes";a:2:{s:9:"thumbnail";a:4:{s:4:"file";s:20:"unsplash-150x150.jpg";s:5:"width";i:150;s:6:"height";i:150;s:9:"mime-type";s:10:"image/jpeg";}s:6:"medium";a:4:{s:4:"file";s:20:"unsplash-300x198.jpg";s:5:"width";i:300;s:6:"height";i:198;s:9:"mime-type";s:10:"image/jpeg";}}s:10:"image_meta";a:10:{s:8:"aperture";i:0;s:6:"credit";s:0:"";s:6:"camera";s:0:"";s:7:"caption";s:0:"";s:17:"created_timestamp";i:0;s:9:"copyright";s:0:"";s:12:"focal_length";i:0;s:3:"iso";i:0;s:13:"shutter_speed";i:0;s:5:"title";s:0:"";}}]]></wp:meta_value>
		</wp:postmeta>
	</item>
	<item>
		<title>Home</title>
		<link>https://demo.themegrill.com/radiate/2014/02/18/home/</link>
		<pubDate>Tue, 18 Feb 2014 14:00:58 +0000</pubDate>
		<dc:creator><![CDATA[demo@themegrill]]></dc:creator>
		<guid isPermaLink="false">http://demo.themegrill.com/radiate/?p=58</guid>
		<description></description>
		<content:encoded><![CDATA[]]></content:encoded>
		<excerpt:encoded><![CDATA[]]></excerpt:encoded>
		<wp:post_id>58</wp:post_id>
		<wp:post_date><![CDATA[2014-02-18 14:00:58]]></wp:post_date>
		<wp:post_date_gmt><![CDATA[2014-02-18 14:00:58]]></wp:post_date_gmt>
		<wp:comment_status><![CDATA[open]]></wp:comment_status>
		<wp:ping_status><![CDATA[closed]]></wp:ping_status>
		<wp:post_name><![CDATA[home]]></wp:post_name>
		<wp:status><![CDATA[publish]]></wp:status>
		<wp:post_parent>0</wp:post_parent>
		<wp:menu_order>1</wp:menu_order>
		<wp:post_type><![CDATA[nav_menu_item]]></wp:post_type>
		<wp:post_password><![CDATA[]]></wp:post_password>
		<wp:is_sticky>0</wp:is_sticky>
		<category domain="nav_menu" nicename="main"><![CDATA[Main]]></category>
		<wp:postmeta>
			<wp:meta_key><![CDATA[_menu_item_type]]></wp:meta_key>
			<wp:meta_value><![CDATA[custom]]></wp:meta_value>
		</wp:postmeta>
		<wp:postmeta>
			<wp:meta_key><![CDATA[_menu_item_menu_item_parent]]></wp:meta_key>
			<wp:meta_value><![CDATA[0]]></wp:meta_value>
		</wp:postmeta>
		<wp:postmeta>
			<wp:meta_key><![CDATA[_menu_item_object_id]]></wp:meta_key>
			<wp:meta_value><![CDATA[58]]></wp:meta_value>
		</wp:postmeta>
		<wp:postmeta>
			<wp:meta_key><![CDATA[_menu_item_object]]></wp:meta_key>
			<wp:meta_value><![CDATA[custom]]></wp:meta_value>
		</wp:postmeta>
		<wp:postmeta>
			<wp:meta_key><![CDATA[_menu_item_target]]></wp:meta_key>
			<wp:meta_value><![CDATA[]]></wp:meta_value>
		</wp:postmeta>
		<wp:postmeta>
			<wp:meta_key><![CDATA[_menu_item_classes]]></wp:meta_key>
			<wp:meta_value><![CDATA[a:1:{i:0;s:0:"";}]]></wp:meta_value>
		</wp:postmeta>
		<wp:postmeta>
			<wp:meta_key><![CDATA[_menu_item_xfn]]></wp:meta_key>
			<wp:meta_value><![CDATA[]]></wp:meta_value>
		</wp:postmeta>
		<wp:postmeta>
			<wp:meta_key><![CDATA[_menu_item_url]]></wp:meta_key>
			<wp:meta_value><![CDATA[http://demo.themegrill.com/radiate]]></wp:meta_value>
		</wp:postmeta>
	</item>
	<item>
		<title></title>
		<link>https://demo.themegrill.com/radiate/2014/02/18/59/</link>
		<pubDate>Tue, 18 Feb 2014 14:00:58 +0000</pubDate>
		<dc:creator><![CDATA[demo@themegrill]]></dc:creator>
		<guid isPermaLink="false">http://demo.themegrill.com/radiate/?p=59</guid>
		<description></description>
		<content:encoded><![CDATA[ ]]></content:encoded>
		<excerpt:encoded><![CDATA[]]></excerpt:encoded>
		<wp:post_id>59</wp:post_id>
		<wp:post_date><![CDATA[2014-02-18 14:00:58]]></wp:post_date>
		<wp:post_date_gmt><![CDATA[2014-02-18 14:00:58]]></wp:post_date_gmt>
		<wp:comment_status><![CDATA[open]]></wp:comment_status>
		<wp:ping_status><![CDATA[closed]]></wp:ping_status>
		<wp:post_name><![CDATA[59]]></wp:post_name>
		<wp:status><![CDATA[publish]]></wp:status>
		<wp:post_parent>0</wp:post_parent>
		<wp:menu_order>6</wp:menu_order>
		<wp:post_type><![CDATA[nav_menu_item]]></wp:post_type>
		<wp:post_password><![CDATA[]]></wp:post_password>
		<wp:is_sticky>0</wp:is_sticky>
		<category domain="nav_menu" nicename="main"><![CDATA[Main]]></category>
		<wp:postmeta>
			<wp:meta_key><![CDATA[_menu_item_type]]></wp:meta_key>
			<wp:meta_value><![CDATA[post_type]]></wp:meta_value>
		</wp:postmeta>
		<wp:postmeta>
			<wp:meta_key><![CDATA[_menu_item_menu_item_parent]]></wp:meta_key>
			<wp:meta_value><![CDATA[0]]></wp:meta_value>
		</wp:postmeta>
		<wp:postmeta>
			<wp:meta_key><![CDATA[_menu_item_object_id]]></wp:meta_key>
			<wp:meta_value><![CDATA[2]]></wp:meta_value>
		</wp:postmeta>
		<wp:postmeta>
			<wp:meta_key><![CDATA[_menu_item_object]]></wp:meta_key>
			<wp:meta_value><![CDATA[page]]></wp:meta_value>
		</wp:postmeta>
		<wp:postmeta>
			<wp:meta_key><![CDATA[_menu_item_target]]></wp:meta_key>
			<wp:meta_value><![CDATA[]]></wp:meta_value>
		</wp:postmeta>
		<wp:postmeta>
			<wp:meta_key><![CDATA[_menu_item_classes]]></wp:meta_key>
			<wp:meta_value><![CDATA[a:1:{i:0;s:0:"";}]]></wp:meta_value>
		</wp:postmeta>
		<wp:postmeta>
			<wp:meta_key><![CDATA[_menu_item_xfn]]></wp:meta_key>
			<wp:meta_value><![CDATA[]]></wp:meta_value>
		</wp:postmeta>
		<wp:postmeta>
			<wp:meta_key><![CDATA[_menu_item_url]]></wp:meta_key>
			<wp:meta_value><![CDATA[]]></wp:meta_value>
		</wp:postmeta>
	</item>
	<item>
		<title>fisherman-239487_1920.jpg</title>
		<link>https://demo.themegrill.com/radiate/fisherman-239487_1920-jpg/</link>
		<pubDate>Tue, 18 Feb 2014 14:06:24 +0000</pubDate>
		<dc:creator><![CDATA[demo@themegrill]]></dc:creator>
		<guid isPermaLink="false">http://demo.themegrill.com/radiate/wp-content/uploads/sites/3/2014/02/fisherman-239487_1920.jpg</guid>
		<description></description>
		<content:encoded><![CDATA[http://demo.themegrill.com/radiate/wp-content/uploads/sites/3/2014/02/fisherman-239487_1920.jpg]]></content:encoded>
		<excerpt:encoded><![CDATA[Man on the boat]]></excerpt:encoded>
		<wp:post_id>61</wp:post_id>
		<wp:post_date><![CDATA[2014-02-18 14:06:24]]></wp:post_date>
		<wp:post_date_gmt><![CDATA[2014-02-18 14:06:24]]></wp:post_date_gmt>
		<wp:comment_status><![CDATA[open]]></wp:comment_status>
		<wp:ping_status><![CDATA[open]]></wp:ping_status>
		<wp:post_name><![CDATA[fisherman-239487_1920-jpg]]></wp:post_name>
		<wp:status><![CDATA[inherit]]></wp:status>
		<wp:post_parent>0</wp:post_parent>
		<wp:menu_order>0</wp:menu_order>
		<wp:post_type><![CDATA[attachment]]></wp:post_type>
		<wp:post_password><![CDATA[]]></wp:post_password>
		<wp:is_sticky>0</wp:is_sticky>
		<wp:attachment_url><![CDATA[https://demo.themegrill.com/radiate/wp-content/uploads/sites/3/2014/02/fisherman-239487_1920.jpg]]></wp:attachment_url>
		<wp:postmeta>
			<wp:meta_key><![CDATA[_wp_attachment_context]]></wp:meta_key>
			<wp:meta_value><![CDATA[custom-header]]></wp:meta_value>
		</wp:postmeta>
		<wp:postmeta>
			<wp:meta_key><![CDATA[_wp_attached_file]]></wp:meta_key>
			<wp:meta_value><![CDATA[2014/02/fisherman-239487_1920.jpg]]></wp:meta_value>
		</wp:postmeta>
		<wp:postmeta>
			<wp:meta_key><![CDATA[_oembed_70ea22b2dfda32f6aa9d9b48bf277c42]]></wp:meta_key>
			<wp:meta_value><![CDATA[{{unknown}}]]></wp:meta_value>
		</wp:postmeta>
	</item>
	<item>
		<title>city1</title>
		<link>https://demo.themegrill.com/radiate/city1/</link>
		<pubDate>Tue, 18 Feb 2014 15:42:18 +0000</pubDate>
		<dc:creator><![CDATA[demo@themegrill]]></dc:creator>
		<guid isPermaLink="false">http://demo.themegrill.com/radiate/wp-content/uploads/sites/3/2014/02/city1.jpg</guid>
		<description></description>
		<content:encoded><![CDATA[]]></content:encoded>
		<excerpt:encoded><![CDATA[]]></excerpt:encoded>
		<wp:post_id>83</wp:post_id>
		<wp:post_date><![CDATA[2014-02-18 15:42:18]]></wp:post_date>
		<wp:post_date_gmt><![CDATA[2014-02-18 15:42:18]]></wp:post_date_gmt>
		<wp:comment_status><![CDATA[open]]></wp:comment_status>
		<wp:ping_status><![CDATA[open]]></wp:ping_status>
		<wp:post_name><![CDATA[city1]]></wp:post_name>
		<wp:status><![CDATA[inherit]]></wp:status>
		<wp:post_parent>0</wp:post_parent>
		<wp:menu_order>0</wp:menu_order>
		<wp:post_type><![CDATA[attachment]]></wp:post_type>
		<wp:post_password><![CDATA[]]></wp:post_password>
		<wp:is_sticky>0</wp:is_sticky>
		<wp:attachment_url><![CDATA[https://demo.themegrill.com/radiate/wp-content/uploads/sites/3/2014/02/city1.jpg]]></wp:attachment_url>
		<wp:postmeta>
			<wp:meta_key><![CDATA[_wp_attached_file]]></wp:meta_key>
			<wp:meta_value><![CDATA[2014/02/city1.jpg]]></wp:meta_value>
		</wp:postmeta>
		<wp:postmeta>
			<wp:meta_key><![CDATA[_wp_attachment_metadata]]></wp:meta_key>
			<wp:meta_value><![CDATA[a:5:{s:5:"width";i:1500;s:6:"height";i:450;s:4:"file";s:17:"2014/02/city1.jpg";s:5:"sizes";a:3:{s:9:"thumbnail";a:4:{s:4:"file";s:17:"city1-150x150.jpg";s:5:"width";i:150;s:6:"height";i:150;s:9:"mime-type";s:10:"image/jpeg";}s:6:"medium";a:4:{s:4:"file";s:16:"city1-300x90.jpg";s:5:"width";i:300;s:6:"height";i:90;s:9:"mime-type";s:10:"image/jpeg";}s:5:"large";a:4:{s:4:"file";s:18:"city1-1024x307.jpg";s:5:"width";i:1024;s:6:"height";i:307;s:9:"mime-type";s:10:"image/jpeg";}}s:10:"image_meta";a:10:{s:8:"aperture";i:0;s:6:"credit";s:0:"";s:6:"camera";s:0:"";s:7:"caption";s:0:"";s:17:"created_timestamp";i:0;s:9:"copyright";s:0:"";s:12:"focal_length";i:0;s:3:"iso";i:0;s:13:"shutter_speed";i:0;s:5:"title";s:0:"";}}]]></wp:meta_value>
		</wp:postmeta>
	</item>
	<item>
		<title>cropped-city1.jpg</title>
		<link>https://demo.themegrill.com/radiate/cropped-city1-jpg/</link>
		<pubDate>Tue, 18 Feb 2014 15:42:43 +0000</pubDate>
		<dc:creator><![CDATA[demo@themegrill]]></dc:creator>
		<guid isPermaLink="false">http://demo.themegrill.com/radiate/wp-content/uploads/sites/3/2014/02/cropped-city1.jpg</guid>
		<description></description>
		<content:encoded><![CDATA[http://demo.themegrill.com/radiate/wp-content/uploads/sites/3/2014/02/cropped-city1.jpg]]></content:encoded>
		<excerpt:encoded><![CDATA[]]></excerpt:encoded>
		<wp:post_id>84</wp:post_id>
		<wp:post_date><![CDATA[2014-02-18 15:42:43]]></wp:post_date>
		<wp:post_date_gmt><![CDATA[2014-02-18 15:42:43]]></wp:post_date_gmt>
		<wp:comment_status><![CDATA[open]]></wp:comment_status>
		<wp:ping_status><![CDATA[open]]></wp:ping_status>
		<wp:post_name><![CDATA[cropped-city1-jpg]]></wp:post_name>
		<wp:status><![CDATA[inherit]]></wp:status>
		<wp:post_parent>0</wp:post_parent>
		<wp:menu_order>0</wp:menu_order>
		<wp:post_type><![CDATA[attachment]]></wp:post_type>
		<wp:post_password><![CDATA[]]></wp:post_password>
		<wp:is_sticky>0</wp:is_sticky>
		<wp:attachment_url><![CDATA[https://demo.themegrill.com/radiate/wp-content/uploads/sites/3/2014/02/cropped-city1.jpg]]></wp:attachment_url>
		<wp:postmeta>
			<wp:meta_key><![CDATA[_wp_attachment_is_custom_header]]></wp:meta_key>
			<wp:meta_value><![CDATA[radiate]]></wp:meta_value>
		</wp:postmeta>
		<wp:postmeta>
			<wp:meta_key><![CDATA[_wp_attached_file]]></wp:meta_key>
			<wp:meta_value><![CDATA[2014/02/cropped-city1.jpg]]></wp:meta_value>
		</wp:postmeta>
		<wp:postmeta>
			<wp:meta_key><![CDATA[_wp_attachment_context]]></wp:meta_key>
			<wp:meta_value><![CDATA[custom-header]]></wp:meta_value>
		</wp:postmeta>
		<wp:postmeta>
			<wp:meta_key><![CDATA[_wp_attachment_metadata]]></wp:meta_key>
			<wp:meta_value><![CDATA[a:5:{s:5:"width";i:1500;s:6:"height";i:450;s:4:"file";s:25:"2014/02/cropped-city1.jpg";s:5:"sizes";a:3:{s:9:"thumbnail";a:4:{s:4:"file";s:25:"cropped-city1-150x150.jpg";s:5:"width";i:150;s:6:"height";i:150;s:9:"mime-type";s:10:"image/jpeg";}s:6:"medium";a:4:{s:4:"file";s:24:"cropped-city1-300x90.jpg";s:5:"width";i:300;s:6:"height";i:90;s:9:"mime-type";s:10:"image/jpeg";}s:5:"large";a:4:{s:4:"file";s:26:"cropped-city1-1024x307.jpg";s:5:"width";i:1024;s:6:"height";i:307;s:9:"mime-type";s:10:"image/jpeg";}}s:10:"image_meta";a:10:{s:8:"aperture";i:0;s:6:"credit";s:0:"";s:6:"camera";s:0:"";s:7:"caption";s:0:"";s:17:"created_timestamp";i:0;s:9:"copyright";s:0:"";s:12:"focal_length";i:0;s:3:"iso";i:0;s:13:"shutter_speed";i:0;s:5:"title";s:0:"";}}]]></wp:meta_value>
		</wp:postmeta>
		<wp:postmeta>
			<wp:meta_key><![CDATA[_wp_attachment_custom_header_last_used_radiate]]></wp:meta_key>
			<wp:meta_value><![CDATA[1420786675]]></wp:meta_value>
		</wp:postmeta>
		<wp:postmeta>
			<wp:meta_key><![CDATA[_oembed_c545c9d805a28086e8c6df883c555a0b]]></wp:meta_key>
			<wp:meta_value><![CDATA[{{unknown}}]]></wp:meta_value>
		</wp:postmeta>
	</item>
	<item>
		<title>chocolate</title>
		<link>https://demo.themegrill.com/radiate/wordpress-gallery/chocolate-2/</link>
		<pubDate>Sat, 01 Mar 2014 03:56:24 +0000</pubDate>
		<dc:creator><![CDATA[demo@themegrill]]></dc:creator>
		<guid isPermaLink="false">http://demo.themegrill.com/radiate/wp-content/uploads/sites/3/2014/03/chocolate.jpg</guid>
		<description></description>
		<content:encoded><![CDATA[]]></content:encoded>
		<excerpt:encoded><![CDATA[Chocolates lots of it]]></excerpt:encoded>
		<wp:post_id>89</wp:post_id>
		<wp:post_date><![CDATA[2014-03-01 03:56:24]]></wp:post_date>
		<wp:post_date_gmt><![CDATA[2014-03-01 03:56:24]]></wp:post_date_gmt>
		<wp:comment_status><![CDATA[open]]></wp:comment_status>
		<wp:ping_status><![CDATA[open]]></wp:ping_status>
		<wp:post_name><![CDATA[chocolate-2]]></wp:post_name>
		<wp:status><![CDATA[inherit]]></wp:status>
		<wp:post_parent>87</wp:post_parent>
		<wp:menu_order>0</wp:menu_order>
		<wp:post_type><![CDATA[attachment]]></wp:post_type>
		<wp:post_password><![CDATA[]]></wp:post_password>
		<wp:is_sticky>0</wp:is_sticky>
		<wp:attachment_url><![CDATA[https://demo.themegrill.com/radiate/wp-content/uploads/sites/3/2014/03/chocolate.jpg]]></wp:attachment_url>
		<wp:postmeta>
			<wp:meta_key><![CDATA[_wp_attached_file]]></wp:meta_key>
			<wp:meta_value><![CDATA[2014/03/chocolate.jpg]]></wp:meta_value>
		</wp:postmeta>
		<wp:postmeta>
			<wp:meta_key><![CDATA[_wp_attachment_metadata]]></wp:meta_key>
			<wp:meta_value><![CDATA[a:5:{s:5:"width";i:1920;s:6:"height";i:1280;s:4:"file";s:21:"2014/03/chocolate.jpg";s:5:"sizes";a:3:{s:9:"thumbnail";a:4:{s:4:"file";s:21:"chocolate-150x150.jpg";s:5:"width";i:150;s:6:"height";i:150;s:9:"mime-type";s:10:"image/jpeg";}s:6:"medium";a:4:{s:4:"file";s:21:"chocolate-300x200.jpg";s:5:"width";i:300;s:6:"height";i:200;s:9:"mime-type";s:10:"image/jpeg";}s:5:"large";a:4:{s:4:"file";s:22:"chocolate-1024x682.jpg";s:5:"width";i:1024;s:6:"height";i:682;s:9:"mime-type";s:10:"image/jpeg";}}s:10:"image_meta";a:10:{s:8:"aperture";i:0;s:6:"credit";s:0:"";s:6:"camera";s:0:"";s:7:"caption";s:0:"";s:17:"created_timestamp";i:0;s:9:"copyright";s:0:"";s:12:"focal_length";i:0;s:3:"iso";i:0;s:13:"shutter_speed";i:0;s:5:"title";s:0:"";}}]]></wp:meta_value>
		</wp:postmeta>
	</item>
	<item>
		<title>garlic-139659_1280</title>
		<link>https://demo.themegrill.com/radiate/wordpress-gallery/garlic-139659_1280/</link>
		<pubDate>Sat, 01 Mar 2014 03:56:36 +0000</pubDate>
		<dc:creator><![CDATA[demo@themegrill]]></dc:creator>
		<guid isPermaLink="false">http://demo.themegrill.com/radiate/wp-content/uploads/sites/3/2014/03/garlic-139659_1280.jpg</guid>
		<description></description>
		<content:encoded><![CDATA[]]></content:encoded>
		<excerpt:encoded><![CDATA[Garlic]]></excerpt:encoded>
		<wp:post_id>90</wp:post_id>
		<wp:post_date><![CDATA[2014-03-01 03:56:36]]></wp:post_date>
		<wp:post_date_gmt><![CDATA[2014-03-01 03:56:36]]></wp:post_date_gmt>
		<wp:comment_status><![CDATA[open]]></wp:comment_status>
		<wp:ping_status><![CDATA[open]]></wp:ping_status>
		<wp:post_name><![CDATA[garlic-139659_1280]]></wp:post_name>
		<wp:status><![CDATA[inherit]]></wp:status>
		<wp:post_parent>87</wp:post_parent>
		<wp:menu_order>0</wp:menu_order>
		<wp:post_type><![CDATA[attachment]]></wp:post_type>
		<wp:post_password><![CDATA[]]></wp:post_password>
		<wp:is_sticky>0</wp:is_sticky>
		<wp:attachment_url><![CDATA[https://demo.themegrill.com/radiate/wp-content/uploads/sites/3/2014/03/garlic-139659_1280.jpg]]></wp:attachment_url>
		<wp:postmeta>
			<wp:meta_key><![CDATA[_wp_attached_file]]></wp:meta_key>
			<wp:meta_value><![CDATA[2014/03/garlic-139659_1280.jpg]]></wp:meta_value>
		</wp:postmeta>
		<wp:postmeta>
			<wp:meta_key><![CDATA[_wp_attachment_metadata]]></wp:meta_key>
			<wp:meta_value><![CDATA[a:5:{s:5:"width";i:1280;s:6:"height";i:1280;s:4:"file";s:30:"2014/03/garlic-139659_1280.jpg";s:5:"sizes";a:3:{s:9:"thumbnail";a:4:{s:4:"file";s:30:"garlic-139659_1280-150x150.jpg";s:5:"width";i:150;s:6:"height";i:150;s:9:"mime-type";s:10:"image/jpeg";}s:6:"medium";a:4:{s:4:"file";s:30:"garlic-139659_1280-300x300.jpg";s:5:"width";i:300;s:6:"height";i:300;s:9:"mime-type";s:10:"image/jpeg";}s:5:"large";a:4:{s:4:"file";s:32:"garlic-139659_1280-1024x1024.jpg";s:5:"width";i:1024;s:6:"height";i:1024;s:9:"mime-type";s:10:"image/jpeg";}}s:10:"image_meta";a:10:{s:8:"aperture";i:0;s:6:"credit";s:0:"";s:6:"camera";s:0:"";s:7:"caption";s:0:"";s:17:"created_timestamp";i:0;s:9:"copyright";s:0:"";s:12:"focal_length";i:0;s:3:"iso";i:0;s:13:"shutter_speed";i:0;s:5:"title";s:0:"";}}]]></wp:meta_value>
		</wp:postmeta>
	</item>
	<item>
		<title>matterhorn-944</title>
		<link>https://demo.themegrill.com/radiate/wordpress-gallery/matterhorn-944/</link>
		<pubDate>Sat, 01 Mar 2014 03:56:48 +0000</pubDate>
		<dc:creator><![CDATA[demo@themegrill]]></dc:creator>
		<guid isPermaLink="false">http://demo.themegrill.com/radiate/wp-content/uploads/sites/3/2014/03/matterhorn-944.jpg</guid>
		<description></description>
		<content:encoded><![CDATA[]]></content:encoded>
		<excerpt:encoded><![CDATA[Beautiful view of the mountain]]></excerpt:encoded>
		<wp:post_id>91</wp:post_id>
		<wp:post_date><![CDATA[2014-03-01 03:56:48]]></wp:post_date>
		<wp:post_date_gmt><![CDATA[2014-03-01 03:56:48]]></wp:post_date_gmt>
		<wp:comment_status><![CDATA[open]]></wp:comment_status>
		<wp:ping_status><![CDATA[open]]></wp:ping_status>
		<wp:post_name><![CDATA[matterhorn-944]]></wp:post_name>
		<wp:status><![CDATA[inherit]]></wp:status>
		<wp:post_parent>87</wp:post_parent>
		<wp:menu_order>0</wp:menu_order>
		<wp:post_type><![CDATA[attachment]]></wp:post_type>
		<wp:post_password><![CDATA[]]></wp:post_password>
		<wp:is_sticky>0</wp:is_sticky>
		<wp:attachment_url><![CDATA[https://demo.themegrill.com/radiate/wp-content/uploads/sites/3/2014/03/matterhorn-944.jpg]]></wp:attachment_url>
		<wp:postmeta>
			<wp:meta_key><![CDATA[_wp_attached_file]]></wp:meta_key>
			<wp:meta_value><![CDATA[2014/03/matterhorn-944.jpg]]></wp:meta_value>
		</wp:postmeta>
		<wp:postmeta>
			<wp:meta_key><![CDATA[_wp_attachment_metadata]]></wp:meta_key>
			<wp:meta_value><![CDATA[a:5:{s:5:"width";i:2048;s:6:"height";i:1536;s:4:"file";s:26:"2014/03/matterhorn-944.jpg";s:5:"sizes";a:3:{s:9:"thumbnail";a:4:{s:4:"file";s:26:"matterhorn-944-150x150.jpg";s:5:"width";i:150;s:6:"height";i:150;s:9:"mime-type";s:10:"image/jpeg";}s:6:"medium";a:4:{s:4:"file";s:26:"matterhorn-944-300x225.jpg";s:5:"width";i:300;s:6:"height";i:225;s:9:"mime-type";s:10:"image/jpeg";}s:5:"large";a:4:{s:4:"file";s:27:"matterhorn-944-1024x768.jpg";s:5:"width";i:1024;s:6:"height";i:768;s:9:"mime-type";s:10:"image/jpeg";}}s:10:"image_meta";a:10:{s:8:"aperture";i:0;s:6:"credit";s:0:"";s:6:"camera";s:0:"";s:7:"caption";s:0:"";s:17:"created_timestamp";i:0;s:9:"copyright";s:0:"";s:12:"focal_length";i:0;s:3:"iso";i:0;s:13:"shutter_speed";i:0;s:5:"title";s:0:"";}}]]></wp:meta_value>
		</wp:postmeta>
	</item>
	<item>
		<title>pastry-82996</title>
		<link>https://demo.themegrill.com/radiate/wordpress-gallery/pastry-82996/</link>
		<pubDate>Sat, 01 Mar 2014 03:57:01 +0000</pubDate>
		<dc:creator><![CDATA[demo@themegrill]]></dc:creator>
		<guid isPermaLink="false">http://demo.themegrill.com/radiate/wp-content/uploads/sites/3/2014/03/pastry-82996.jpg</guid>
		<description></description>
		<content:encoded><![CDATA[]]></content:encoded>
		<excerpt:encoded><![CDATA[Pastries]]></excerpt:encoded>
		<wp:post_id>92</wp:post_id>
		<wp:post_date><![CDATA[2014-03-01 03:57:01]]></wp:post_date>
		<wp:post_date_gmt><![CDATA[2014-03-01 03:57:01]]></wp:post_date_gmt>
		<wp:comment_status><![CDATA[open]]></wp:comment_status>
		<wp:ping_status><![CDATA[open]]></wp:ping_status>
		<wp:post_name><![CDATA[pastry-82996]]></wp:post_name>
		<wp:status><![CDATA[inherit]]></wp:status>
		<wp:post_parent>87</wp:post_parent>
		<wp:menu_order>0</wp:menu_order>
		<wp:post_type><![CDATA[attachment]]></wp:post_type>
		<wp:post_password><![CDATA[]]></wp:post_password>
		<wp:is_sticky>0</wp:is_sticky>
		<wp:attachment_url><![CDATA[https://demo.themegrill.com/radiate/wp-content/uploads/sites/3/2014/03/pastry-82996.jpg]]></wp:attachment_url>
		<wp:postmeta>
			<wp:meta_key><![CDATA[_wp_attached_file]]></wp:meta_key>
			<wp:meta_value><![CDATA[2014/03/pastry-82996.jpg]]></wp:meta_value>
		</wp:postmeta>
		<wp:postmeta>
			<wp:meta_key><![CDATA[_wp_attachment_metadata]]></wp:meta_key>
			<wp:meta_value><![CDATA[a:5:{s:5:"width";i:1920;s:6:"height";i:1272;s:4:"file";s:24:"2014/03/pastry-82996.jpg";s:5:"sizes";a:3:{s:9:"thumbnail";a:4:{s:4:"file";s:24:"pastry-82996-150x150.jpg";s:5:"width";i:150;s:6:"height";i:150;s:9:"mime-type";s:10:"image/jpeg";}s:6:"medium";a:4:{s:4:"file";s:24:"pastry-82996-300x198.jpg";s:5:"width";i:300;s:6:"height";i:198;s:9:"mime-type";s:10:"image/jpeg";}s:5:"large";a:4:{s:4:"file";s:25:"pastry-82996-1024x678.jpg";s:5:"width";i:1024;s:6:"height";i:678;s:9:"mime-type";s:10:"image/jpeg";}}s:10:"image_meta";a:10:{s:8:"aperture";d:5.29999999999999982236431605997495353221893310546875;s:6:"credit";s:0:"";s:6:"camera";s:11:"NIKON D5100";s:7:"caption";s:0:"";s:17:"created_timestamp";i:0;s:9:"copyright";s:0:"";s:12:"focal_length";s:2:"40";s:3:"iso";s:4:"1600";s:13:"shutter_speed";s:7:"0.00625";s:5:"title";s:0:"";}}]]></wp:meta_value>
		</wp:postmeta>
	</item>
	<item>
		<title>rock-192989</title>
		<link>https://demo.themegrill.com/radiate/wordpress-gallery/rock-192989/</link>
		<pubDate>Sat, 01 Mar 2014 03:57:18 +0000</pubDate>
		<dc:creator><![CDATA[demo@themegrill]]></dc:creator>
		<guid isPermaLink="false">http://demo.themegrill.com/radiate/wp-content/uploads/sites/3/2014/03/rock-192989.jpg</guid>
		<description></description>
		<content:encoded><![CDATA[]]></content:encoded>
		<excerpt:encoded><![CDATA[Rocks in the sea]]></excerpt:encoded>
		<wp:post_id>93</wp:post_id>
		<wp:post_date><![CDATA[2014-03-01 03:57:18]]></wp:post_date>
		<wp:post_date_gmt><![CDATA[2014-03-01 03:57:18]]></wp:post_date_gmt>
		<wp:comment_status><![CDATA[open]]></wp:comment_status>
		<wp:ping_status><![CDATA[open]]></wp:ping_status>
		<wp:post_name><![CDATA[rock-192989]]></wp:post_name>
		<wp:status><![CDATA[inherit]]></wp:status>
		<wp:post_parent>87</wp:post_parent>
		<wp:menu_order>0</wp:menu_order>
		<wp:post_type><![CDATA[attachment]]></wp:post_type>
		<wp:post_password><![CDATA[]]></wp:post_password>
		<wp:is_sticky>0</wp:is_sticky>
		<wp:attachment_url><![CDATA[https://demo.themegrill.com/radiate/wp-content/uploads/sites/3/2014/03/rock-192989.jpg]]></wp:attachment_url>
		<wp:postmeta>
			<wp:meta_key><![CDATA[_wp_attached_file]]></wp:meta_key>
			<wp:meta_value><![CDATA[2014/03/rock-192989.jpg]]></wp:meta_value>
		</wp:postmeta>
		<wp:postmeta>
			<wp:meta_key><![CDATA[_wp_attachment_metadata]]></wp:meta_key>
			<wp:meta_value><![CDATA[a:5:{s:5:"width";i:1920;s:6:"height";i:1280;s:4:"file";s:23:"2014/03/rock-192989.jpg";s:5:"sizes";a:3:{s:9:"thumbnail";a:4:{s:4:"file";s:23:"rock-192989-150x150.jpg";s:5:"width";i:150;s:6:"height";i:150;s:9:"mime-type";s:10:"image/jpeg";}s:6:"medium";a:4:{s:4:"file";s:23:"rock-192989-300x200.jpg";s:5:"width";i:300;s:6:"height";i:200;s:9:"mime-type";s:10:"image/jpeg";}s:5:"large";a:4:{s:4:"file";s:24:"rock-192989-1024x682.jpg";s:5:"width";i:1024;s:6:"height";i:682;s:9:"mime-type";s:10:"image/jpeg";}}s:10:"image_meta";a:10:{s:8:"aperture";i:0;s:6:"credit";s:0:"";s:6:"camera";s:0:"";s:7:"caption";s:0:"";s:17:"created_timestamp";i:0;s:9:"copyright";s:0:"";s:12:"focal_length";i:0;s:3:"iso";i:0;s:13:"shutter_speed";i:0;s:5:"title";s:0:"";}}]]></wp:meta_value>
		</wp:postmeta>
	</item>
	<item>
		<title>tree-247122_1280</title>
		<link>https://demo.themegrill.com/radiate/wordpress-gallery/tree-247122_1280/</link>
		<pubDate>Sat, 01 Mar 2014 03:57:26 +0000</pubDate>
		<dc:creator><![CDATA[demo@themegrill]]></dc:creator>
		<guid isPermaLink="false">http://demo.themegrill.com/radiate/wp-content/uploads/sites/3/2014/03/tree-247122_1280.jpg</guid>
		<description></description>
		<content:encoded><![CDATA[]]></content:encoded>
		<excerpt:encoded><![CDATA[Green field and amazing sky]]></excerpt:encoded>
		<wp:post_id>94</wp:post_id>
		<wp:post_date><![CDATA[2014-03-01 03:57:26]]></wp:post_date>
		<wp:post_date_gmt><![CDATA[2014-03-01 03:57:26]]></wp:post_date_gmt>
		<wp:comment_status><![CDATA[open]]></wp:comment_status>
		<wp:ping_status><![CDATA[open]]></wp:ping_status>
		<wp:post_name><![CDATA[tree-247122_1280]]></wp:post_name>
		<wp:status><![CDATA[inherit]]></wp:status>
		<wp:post_parent>87</wp:post_parent>
		<wp:menu_order>0</wp:menu_order>
		<wp:post_type><![CDATA[attachment]]></wp:post_type>
		<wp:post_password><![CDATA[]]></wp:post_password>
		<wp:is_sticky>0</wp:is_sticky>
		<wp:attachment_url><![CDATA[https://demo.themegrill.com/radiate/wp-content/uploads/sites/3/2014/03/tree-247122_1280.jpg]]></wp:attachment_url>
		<wp:postmeta>
			<wp:meta_key><![CDATA[_wp_attached_file]]></wp:meta_key>
			<wp:meta_value><![CDATA[2014/03/tree-247122_1280.jpg]]></wp:meta_value>
		</wp:postmeta>
		<wp:postmeta>
			<wp:meta_key><![CDATA[_wp_attachment_metadata]]></wp:meta_key>
			<wp:meta_value><![CDATA[a:5:{s:5:"width";i:1280;s:6:"height";i:678;s:4:"file";s:28:"2014/03/tree-247122_1280.jpg";s:5:"sizes";a:3:{s:9:"thumbnail";a:4:{s:4:"file";s:28:"tree-247122_1280-150x150.jpg";s:5:"width";i:150;s:6:"height";i:150;s:9:"mime-type";s:10:"image/jpeg";}s:6:"medium";a:4:{s:4:"file";s:28:"tree-247122_1280-300x158.jpg";s:5:"width";i:300;s:6:"height";i:158;s:9:"mime-type";s:10:"image/jpeg";}s:5:"large";a:4:{s:4:"file";s:29:"tree-247122_1280-1024x542.jpg";s:5:"width";i:1024;s:6:"height";i:542;s:9:"mime-type";s:10:"image/jpeg";}}s:10:"image_meta";a:10:{s:8:"aperture";i:0;s:6:"credit";s:0:"";s:6:"camera";s:0:"";s:7:"caption";s:0:"";s:17:"created_timestamp";i:0;s:9:"copyright";s:0:"";s:12:"focal_length";i:0;s:3:"iso";i:0;s:13:"shutter_speed";i:0;s:5:"title";s:0:"";}}]]></wp:meta_value>
		</wp:postmeta>
	</item>
	<item>
		<title>Gallery</title>
		<link>https://demo.themegrill.com/radiate/2014/03/01/gallery/</link>
		<pubDate>Sat, 01 Mar 2014 04:21:44 +0000</pubDate>
		<dc:creator><![CDATA[demo@themegrill]]></dc:creator>
		<guid isPermaLink="false">http://demo.themegrill.com/radiate/?p=104</guid>
		<description></description>
		<content:encoded><![CDATA[]]></content:encoded>
		<excerpt:encoded><![CDATA[]]></excerpt:encoded>
		<wp:post_id>104</wp:post_id>
		<wp:post_date><![CDATA[2014-03-01 04:21:44]]></wp:post_date>
		<wp:post_date_gmt><![CDATA[2014-03-01 04:21:44]]></wp:post_date_gmt>
		<wp:comment_status><![CDATA[open]]></wp:comment_status>
		<wp:ping_status><![CDATA[closed]]></wp:ping_status>
		<wp:post_name><![CDATA[gallery]]></wp:post_name>
		<wp:status><![CDATA[publish]]></wp:status>
		<wp:post_parent>0</wp:post_parent>
		<wp:menu_order>3</wp:menu_order>
		<wp:post_type><![CDATA[nav_menu_item]]></wp:post_type>
		<wp:post_password><![CDATA[]]></wp:post_password>
		<wp:is_sticky>0</wp:is_sticky>
		<category domain="nav_menu" nicename="main"><![CDATA[Main]]></category>
		<wp:postmeta>
			<wp:meta_key><![CDATA[_menu_item_type]]></wp:meta_key>
			<wp:meta_value><![CDATA[post_type]]></wp:meta_value>
		</wp:postmeta>
		<wp:postmeta>
			<wp:meta_key><![CDATA[_menu_item_menu_item_parent]]></wp:meta_key>
			<wp:meta_value><![CDATA[0]]></wp:meta_value>
		</wp:postmeta>
		<wp:postmeta>
			<wp:meta_key><![CDATA[_menu_item_object_id]]></wp:meta_key>
			<wp:meta_value><![CDATA[87]]></wp:meta_value>
		</wp:postmeta>
		<wp:postmeta>
			<wp:meta_key><![CDATA[_menu_item_object]]></wp:meta_key>
			<wp:meta_value><![CDATA[page]]></wp:meta_value>
		</wp:postmeta>
		<wp:postmeta>
			<wp:meta_key><![CDATA[_menu_item_target]]></wp:meta_key>
			<wp:meta_value><![CDATA[]]></wp:meta_value>
		</wp:postmeta>
		<wp:postmeta>
			<wp:meta_key><![CDATA[_menu_item_classes]]></wp:meta_key>
			<wp:meta_value><![CDATA[a:1:{i:0;s:0:"";}]]></wp:meta_value>
		</wp:postmeta>
		<wp:postmeta>
			<wp:meta_key><![CDATA[_menu_item_xfn]]></wp:meta_key>
			<wp:meta_value><![CDATA[]]></wp:meta_value>
		</wp:postmeta>
		<wp:postmeta>
			<wp:meta_key><![CDATA[_menu_item_url]]></wp:meta_key>
			<wp:meta_value><![CDATA[]]></wp:meta_value>
		</wp:postmeta>
	</item>
	<item>
		<title>Slideshow Gallery</title>
		<link>https://demo.themegrill.com/radiate/2014/03/01/slideshow-gallery/</link>
		<pubDate>Sat, 01 Mar 2014 05:04:04 +0000</pubDate>
		<dc:creator><![CDATA[demo@themegrill]]></dc:creator>
		<guid isPermaLink="false">http://demo.themegrill.com/radiate/?p=124</guid>
		<description></description>
		<content:encoded><![CDATA[]]></content:encoded>
		<excerpt:encoded><![CDATA[]]></excerpt:encoded>
		<wp:post_id>124</wp:post_id>
		<wp:post_date><![CDATA[2014-03-01 05:04:04]]></wp:post_date>
		<wp:post_date_gmt><![CDATA[2014-03-01 05:04:04]]></wp:post_date_gmt>
		<wp:comment_status><![CDATA[open]]></wp:comment_status>
		<wp:ping_status><![CDATA[closed]]></wp:ping_status>
		<wp:post_name><![CDATA[slideshow-gallery]]></wp:post_name>
		<wp:status><![CDATA[publish]]></wp:status>
		<wp:post_parent>87</wp:post_parent>
		<wp:menu_order>5</wp:menu_order>
		<wp:post_type><![CDATA[nav_menu_item]]></wp:post_type>
		<wp:post_password><![CDATA[]]></wp:post_password>
		<wp:is_sticky>0</wp:is_sticky>
		<category domain="nav_menu" nicename="main"><![CDATA[Main]]></category>
		<wp:postmeta>
			<wp:meta_key><![CDATA[_menu_item_type]]></wp:meta_key>
			<wp:meta_value><![CDATA[post_type]]></wp:meta_value>
		</wp:postmeta>
		<wp:postmeta>
			<wp:meta_key><![CDATA[_menu_item_menu_item_parent]]></wp:meta_key>
			<wp:meta_value><![CDATA[104]]></wp:meta_value>
		</wp:postmeta>
		<wp:postmeta>
			<wp:meta_key><![CDATA[_menu_item_object_id]]></wp:meta_key>
			<wp:meta_value><![CDATA[121]]></wp:meta_value>
		</wp:postmeta>
		<wp:postmeta>
			<wp:meta_key><![CDATA[_menu_item_object]]></wp:meta_key>
			<wp:meta_value><![CDATA[page]]></wp:meta_value>
		</wp:postmeta>
		<wp:postmeta>
			<wp:meta_key><![CDATA[_menu_item_target]]></wp:meta_key>
			<wp:meta_value><![CDATA[]]></wp:meta_value>
		</wp:postmeta>
		<wp:postmeta>
			<wp:meta_key><![CDATA[_menu_item_classes]]></wp:meta_key>
			<wp:meta_value><![CDATA[a:1:{i:0;s:0:"";}]]></wp:meta_value>
		</wp:postmeta>
		<wp:postmeta>
			<wp:meta_key><![CDATA[_menu_item_xfn]]></wp:meta_key>
			<wp:meta_value><![CDATA[]]></wp:meta_value>
		</wp:postmeta>
		<wp:postmeta>
			<wp:meta_key><![CDATA[_menu_item_url]]></wp:meta_key>
			<wp:meta_value><![CDATA[]]></wp:meta_value>
		</wp:postmeta>
		<wp:postmeta>
			<wp:meta_key><![CDATA[_wpas_done_all]]></wp:meta_key>
			<wp:meta_value><![CDATA[1]]></wp:meta_value>
		</wp:postmeta>
	</item>
	<item>
		<title>Radiate-pro-widget</title>
		<link>https://demo.themegrill.com/radiate/radiate-pro-widget/</link>
		<pubDate>Mon, 10 Mar 2014 19:20:13 +0000</pubDate>
		<dc:creator><![CDATA[demo@themegrill]]></dc:creator>
		<guid isPermaLink="false">http://demo.themegrill.com/radiate/wp-content/uploads/sites/3/2014/03/Radiate-pro-widget.jpg</guid>
		<description></description>
		<content:encoded><![CDATA[]]></content:encoded>
		<excerpt:encoded><![CDATA[]]></excerpt:encoded>
		<wp:post_id>133</wp:post_id>
		<wp:post_date><![CDATA[2014-03-10 19:20:13]]></wp:post_date>
		<wp:post_date_gmt><![CDATA[2014-03-10 19:20:13]]></wp:post_date_gmt>
		<wp:comment_status><![CDATA[open]]></wp:comment_status>
		<wp:ping_status><![CDATA[open]]></wp:ping_status>
		<wp:post_name><![CDATA[radiate-pro-widget]]></wp:post_name>
		<wp:status><![CDATA[inherit]]></wp:status>
		<wp:post_parent>0</wp:post_parent>
		<wp:menu_order>0</wp:menu_order>
		<wp:post_type><![CDATA[attachment]]></wp:post_type>
		<wp:post_password><![CDATA[]]></wp:post_password>
		<wp:is_sticky>0</wp:is_sticky>
		<wp:attachment_url><![CDATA[https://demo.themegrill.com/radiate/wp-content/uploads/sites/3/2014/03/Radiate-pro-widget.jpg]]></wp:attachment_url>
		<wp:postmeta>
			<wp:meta_key><![CDATA[_wp_attached_file]]></wp:meta_key>
			<wp:meta_value><![CDATA[2014/03/Radiate-pro-widget.jpg]]></wp:meta_value>
		</wp:postmeta>
		<wp:postmeta>
			<wp:meta_key><![CDATA[_wp_attachment_metadata]]></wp:meta_key>
			<wp:meta_value><![CDATA[a:5:{s:5:"width";i:350;s:6:"height";i:389;s:4:"file";s:30:"2014/03/Radiate-pro-widget.jpg";s:5:"sizes";a:2:{s:9:"thumbnail";a:4:{s:4:"file";s:30:"Radiate-pro-widget-150x150.jpg";s:5:"width";i:150;s:6:"height";i:150;s:9:"mime-type";s:10:"image/jpeg";}s:6:"medium";a:4:{s:4:"file";s:30:"Radiate-pro-widget-269x300.jpg";s:5:"width";i:269;s:6:"height";i:300;s:9:"mime-type";s:10:"image/jpeg";}}s:10:"image_meta";a:10:{s:8:"aperture";i:0;s:6:"credit";s:0:"";s:6:"camera";s:0:"";s:7:"caption";s:0:"";s:17:"created_timestamp";i:0;s:9:"copyright";s:0:"";s:12:"focal_length";i:0;s:3:"iso";i:0;s:13:"shutter_speed";i:0;s:5:"title";s:0:"";}}]]></wp:meta_value>
		</wp:postmeta>
	</item>
	<item>
		<title>radiate</title>
		<link>https://demo.themegrill.com/radiate/2016/12/26/radiate/</link>
		<pubDate>Mon, 26 Dec 2016 05:31:00 +0000</pubDate>
		<dc:creator><![CDATA[themeeditor]]></dc:creator>
		<guid isPermaLink="false">https://demo.themegrill.com/radiate/2016/12/26/radiate/</guid>
		<description></description>
		<content:encoded><![CDATA[.gallery-columns-1 .gallery-item{margin:10px 0 20px}#respond{margin-top:0}.comments-list{margin-bottom:3.4rem}.main-small-navigation{width:66px}@media screen and (max-width:768px){.main-small-navigation ul ul{margin-left:0}}@media only screen and (max-width:600px){.header-wrap{position:relative}}]]></content:encoded>
		<excerpt:encoded><![CDATA[]]></excerpt:encoded>
		<wp:post_id>199</wp:post_id>
		<wp:post_date><![CDATA[2016-12-26 05:31:00]]></wp:post_date>
		<wp:post_date_gmt><![CDATA[2016-12-26 05:31:00]]></wp:post_date_gmt>
		<wp:comment_status><![CDATA[closed]]></wp:comment_status>
		<wp:ping_status><![CDATA[closed]]></wp:ping_status>
		<wp:post_name><![CDATA[radiate]]></wp:post_name>
		<wp:status><![CDATA[publish]]></wp:status>
		<wp:post_parent>0</wp:post_parent>
		<wp:menu_order>0</wp:menu_order>
		<wp:post_type><![CDATA[custom_css]]></wp:post_type>
		<wp:post_password><![CDATA[]]></wp:post_password>
		<wp:is_sticky>0</wp:is_sticky>
	</item>
	<item>
		<title>Contact Form</title>
		<link>https://demo.themegrill.com/radiate/?post_type=everest_form&#038;p=228</link>
		<pubDate>Thu, 22 Mar 2018 06:23:11 +0000</pubDate>
		<dc:creator><![CDATA[themeeditor]]></dc:creator>
		<guid isPermaLink="false">https://demo.themegrill.com/radiate/?post_type=everest_form&#038;p=228</guid>
		<description></description>
		<content:encoded><![CDATA[{"id":"228","form_field_id":1,"form_fields":{"name":{"id":"name","type":"text","label":"Name","meta-key":"name","description":"","required":"1","placeholder":"","default_value":"","css":"","input_mask":""},"email":{"id":"email","type":"email","label":"Email","meta-key":"email","description":"","required":"1","placeholder":"","default_value":"","css":""},"subject":{"id":"subject","type":"text","label":"Subject","meta-key":"subject","description":"","required":"1","placeholder":"","default_value":"","css":"","input_mask":""},"message":{"id":"message","type":"textarea","label":"Message","meta-key":"message","description":"","placeholder":"","css":""}},"settings":{"form_title":"Contact Form","successful_form_submission_message":"Thanks for contacting us! We will be in touch with you shortly.","redirect_to":"0","custom_page":"2","external_url":"","layout_class":"default","form_class":"","submit_button_text":"Submit","recaptcha_support":"0","disabled_entries":"0","email":{"connection_1":{"connection_name":"Admin Notification","evf_to_email":"wordpress@demo.themegrill.com","evf_from_name":"Radiate","evf_from_email":"wordpress@demo.themegrill.com","evf_reply_to":"","evf_email_subject":"New Form Entry","evf_email_message":"{all_fields}"}}},"structure":{"row_1":{"grid_1":["name","email","subject","message"]}}}]]></content:encoded>
		<excerpt:encoded><![CDATA[]]></excerpt:encoded>
		<wp:post_id>228</wp:post_id>
		<wp:post_date><![CDATA[2018-03-22 06:23:11]]></wp:post_date>
		<wp:post_date_gmt><![CDATA[2018-03-22 06:23:11]]></wp:post_date_gmt>
		<wp:comment_status><![CDATA[closed]]></wp:comment_status>
		<wp:ping_status><![CDATA[closed]]></wp:ping_status>
		<wp:post_name><![CDATA[contact-form]]></wp:post_name>
		<wp:status><![CDATA[publish]]></wp:status>
		<wp:post_parent>0</wp:post_parent>
		<wp:menu_order>0</wp:menu_order>
		<wp:post_type><![CDATA[everest_form]]></wp:post_type>
		<wp:post_password><![CDATA[]]></wp:post_password>
		<wp:is_sticky>0</wp:is_sticky>
	</item>
	<item>
		<title>Hello world!</title>
		<link>https://demo.themegrill.com/radiate/2014/02/07/hello-world/</link>
		<pubDate>Fri, 07 Feb 2014 16:29:01 +0000</pubDate>
		<dc:creator><![CDATA[demo@themegrill]]></dc:creator>
		<guid isPermaLink="false">http://demo.themegrill.com/radiate/?p=1</guid>
		<description></description>
		<content:encoded><![CDATA[Welcome to <a href="http://demo.themegrill.com/">ThemGrill Demo</a>. This is your first post. Edit or delete it, then start blogging!]]></content:encoded>
		<excerpt:encoded><![CDATA[]]></excerpt:encoded>
		<wp:post_id>1</wp:post_id>
		<wp:post_date><![CDATA[2014-02-07 16:29:01]]></wp:post_date>
		<wp:post_date_gmt><![CDATA[2014-02-07 16:29:01]]></wp:post_date_gmt>
		<wp:comment_status><![CDATA[open]]></wp:comment_status>
		<wp:ping_status><![CDATA[open]]></wp:ping_status>
		<wp:post_name><![CDATA[hello-world]]></wp:post_name>
		<wp:status><![CDATA[publish]]></wp:status>
		<wp:post_parent>0</wp:post_parent>
		<wp:menu_order>0</wp:menu_order>
		<wp:post_type><![CDATA[post]]></wp:post_type>
		<wp:post_password><![CDATA[]]></wp:post_password>
		<wp:is_sticky>0</wp:is_sticky>
		<category domain="category" nicename="uncategorized"><![CDATA[Uncategorized]]></category>
	</item>
	<item>
		<title>Sample Page</title>
		<link>https://demo.themegrill.com/radiate/sample-page/</link>
		<pubDate>Fri, 07 Feb 2014 16:29:01 +0000</pubDate>
		<dc:creator><![CDATA[demo@themegrill]]></dc:creator>
		<guid isPermaLink="false">http://demo.themegrill.com/radiate/?page_id=2</guid>
		<description></description>
		<content:encoded><![CDATA[This is an example page. It's different from a blog post because it will stay in one place and will show up in your site navigation (in most themes). Most people start with an About page that introduces them to potential site visitors. It might say something like this:

<blockquote>Hi there! I'm a bike messenger by day, aspiring actor by night, and this is my blog. I live in Los Angeles, have a great dog named Jack, and I like pi&#241;a coladas. (And gettin' caught in the rain.)</blockquote>

...or something like this:

<blockquote>The XYZ Doohickey Company was founded in 1971, and has been providing quality doohickeys to the public ever since. Located in Gotham City, XYZ employs over 2,000 people and does all kinds of awesome things for the Gotham community.</blockquote>

As a new WordPress user, you should go to <a href="http://demo.themegrill.com/radiate/wp-admin/">your dashboard</a> to delete this page and create new pages for your content. Have fun!]]></content:encoded>
		<excerpt:encoded><![CDATA[]]></excerpt:encoded>
		<wp:post_id>2</wp:post_id>
		<wp:post_date><![CDATA[2014-02-07 16:29:01]]></wp:post_date>
		<wp:post_date_gmt><![CDATA[2014-02-07 16:29:01]]></wp:post_date_gmt>
		<wp:comment_status><![CDATA[open]]></wp:comment_status>
		<wp:ping_status><![CDATA[open]]></wp:ping_status>
		<wp:post_name><![CDATA[sample-page]]></wp:post_name>
		<wp:status><![CDATA[publish]]></wp:status>
		<wp:post_parent>0</wp:post_parent>
		<wp:menu_order>0</wp:menu_order>
		<wp:post_type><![CDATA[page]]></wp:post_type>
		<wp:post_password><![CDATA[]]></wp:post_password>
		<wp:is_sticky>0</wp:is_sticky>
		<wp:postmeta>
			<wp:meta_key><![CDATA[_wp_page_template]]></wp:meta_key>
			<wp:meta_value><![CDATA[default]]></wp:meta_value>
		</wp:postmeta>
	</item>
	<item>
		<title>View Pro</title>
		<link>https://demo.themegrill.com/radiate/2014/03/17/view-pro/</link>
		<pubDate>Mon, 17 Mar 2014 19:07:13 +0000</pubDate>
		<dc:creator><![CDATA[demo@themegrill]]></dc:creator>
		<guid isPermaLink="false">http://demo.themegrill.com/radiate/?p=135</guid>
		<description></description>
		<content:encoded><![CDATA[]]></content:encoded>
		<excerpt:encoded><![CDATA[]]></excerpt:encoded>
		<wp:post_id>135</wp:post_id>
		<wp:post_date><![CDATA[2014-03-17 19:07:13]]></wp:post_date>
		<wp:post_date_gmt><![CDATA[2014-03-17 19:07:13]]></wp:post_date_gmt>
		<wp:comment_status><![CDATA[open]]></wp:comment_status>
		<wp:ping_status><![CDATA[closed]]></wp:ping_status>
		<wp:post_name><![CDATA[view-pro]]></wp:post_name>
		<wp:status><![CDATA[publish]]></wp:status>
		<wp:post_parent>0</wp:post_parent>
		<wp:menu_order>7</wp:menu_order>
		<wp:post_type><![CDATA[nav_menu_item]]></wp:post_type>
		<wp:post_password><![CDATA[]]></wp:post_password>
		<wp:is_sticky>0</wp:is_sticky>
		<category domain="nav_menu" nicename="main"><![CDATA[Main]]></category>
		<wp:postmeta>
			<wp:meta_key><![CDATA[_menu_item_object_id]]></wp:meta_key>
			<wp:meta_value><![CDATA[135]]></wp:meta_value>
		</wp:postmeta>
		<wp:postmeta>
			<wp:meta_key><![CDATA[_menu_item_menu_item_parent]]></wp:meta_key>
			<wp:meta_value><![CDATA[0]]></wp:meta_value>
		</wp:postmeta>
		<wp:postmeta>
			<wp:meta_key><![CDATA[_menu_item_type]]></wp:meta_key>
			<wp:meta_value><![CDATA[custom]]></wp:meta_value>
		</wp:postmeta>
		<wp:postmeta>
			<wp:meta_key><![CDATA[_menu_item_object]]></wp:meta_key>
			<wp:meta_value><![CDATA[custom]]></wp:meta_value>
		</wp:postmeta>
		<wp:postmeta>
			<wp:meta_key><![CDATA[_menu_item_target]]></wp:meta_key>
			<wp:meta_value><![CDATA[_blank]]></wp:meta_value>
		</wp:postmeta>
		<wp:postmeta>
			<wp:meta_key><![CDATA[_menu_item_classes]]></wp:meta_key>
			<wp:meta_value><![CDATA[a:1:{i:0;s:0:"";}]]></wp:meta_value>
		</wp:postmeta>
		<wp:postmeta>
			<wp:meta_key><![CDATA[_menu_item_xfn]]></wp:meta_key>
			<wp:meta_value><![CDATA[]]></wp:meta_value>
		</wp:postmeta>
		<wp:postmeta>
			<wp:meta_key><![CDATA[_menu_item_url]]></wp:meta_key>
			<wp:meta_value><![CDATA[http://themegrill.com/themes/radiate-pro/]]></wp:meta_value>
		</wp:postmeta>
	</item>
	<item>
		<title>Desert Rocks</title>
		<link>https://demo.themegrill.com/radiate/2014/02/13/desert-rocks/</link>
		<pubDate>Thu, 13 Feb 2014 12:15:18 +0000</pubDate>
		<dc:creator><![CDATA[demo@themegrill]]></dc:creator>
		<guid isPermaLink="false">http://localhost/radiate/?p=9</guid>
		<description></description>
		<content:encoded><![CDATA[<a href="http://demo.themegrill.com/radiate/wp-content/uploads/2014/02/joshua-tree-national-park-74399_1920.jpg"><img class="aligncenter size-full wp-image-21" alt="joshua-tree-national-park-74399_1920" src="http://demo.themegrill.com/radiate/wp-content/uploads/2014/02/joshua-tree-national-park-74399_1920-e1392296847289.jpg" width="770" height="513" /></a>

Gingerbread lemon drops sweet roll. Candy icing gummies chupa chups danish carrot cake oat cake donut oat cake. Jujubes chocolate bar wafer croissant unerdwear.com caramels soufflé wafer sweet. Gingerbread powder marzipan chocolate muffin jelly gingerbread. Danish gummies gummi bears donut gingerbread. Chupa chups tart wafer ice cream candy canes marzipan pie sweet. Tart ice cream croissant chocolate cake. Cotton candy ice cream macaroon tart marzipan. Soufflé carrot cake pastry. Jelly oat cake wafer jujubes sweet unerdwear.com croissant caramels unerdwear.com. Marzipan brownie chocolate. Biscuit sweet roll jelly-o liquorice gummies jelly beans.]]></content:encoded>
		<excerpt:encoded><![CDATA[]]></excerpt:encoded>
		<wp:post_id>9</wp:post_id>
		<wp:post_date><![CDATA[2014-02-13 12:15:18]]></wp:post_date>
		<wp:post_date_gmt><![CDATA[2014-02-13 12:15:18]]></wp:post_date_gmt>
		<wp:comment_status><![CDATA[open]]></wp:comment_status>
		<wp:ping_status><![CDATA[open]]></wp:ping_status>
		<wp:post_name><![CDATA[desert-rocks]]></wp:post_name>
		<wp:status><![CDATA[publish]]></wp:status>
		<wp:post_parent>0</wp:post_parent>
		<wp:menu_order>0</wp:menu_order>
		<wp:post_type><![CDATA[post]]></wp:post_type>
		<wp:post_password><![CDATA[]]></wp:post_password>
		<wp:is_sticky>0</wp:is_sticky>
		<category domain="post_tag" nicename="desert"><![CDATA[Desert]]></category>
		<category domain="category" nicename="uncategorized"><![CDATA[Uncategorized]]></category>
		<wp:postmeta>
			<wp:meta_key><![CDATA[_edit_last]]></wp:meta_key>
			<wp:meta_value><![CDATA[1]]></wp:meta_value>
		</wp:postmeta>
	</item>
	<item>
		<title>Rock Solid</title>
		<link>https://demo.themegrill.com/radiate/2014/02/13/rock-solid/</link>
		<pubDate>Thu, 13 Feb 2014 13:13:20 +0000</pubDate>
		<dc:creator><![CDATA[demo@themegrill]]></dc:creator>
		<guid isPermaLink="false">http://localhost/radiate/?p=23</guid>
		<description></description>
		<content:encoded><![CDATA[<a href="http://demo.themegrill.com/radiate/wp-content/uploads/2014/02/rock-192989-e1392297156782.jpg"><img class="aligncenter size-full wp-image-24" alt="rock-192989" src="http://demo.themegrill.com/radiate/wp-content/uploads/2014/02/rock-192989-e1392297156782.jpg" width="770" height="513" /></a>

Gingerbread lemon drops sweet roll. Candy icing gummies chupa chups danish carrot cake oat cake donut oat cake. Jujubes chocolate bar wafer croissant unerdwear.com caramels soufflé wafer sweet. Gingerbread powder marzipan chocolate muffin jelly gingerbread. Danish gummies gummi bears donut gingerbread. Chupa chups tart wafer ice cream candy canes marzipan pie sweet. Tart ice cream croissant chocolate cake. Cotton candy ice cream macaroon tart marzipan. Soufflé carrot cake pastry. Jelly oat cake wafer jujubes sweet unerdwear.com croissant caramels unerdwear.com. Marzipan brownie chocolate. Biscuit sweet roll jelly-o liquorice gummies jelly beans.

<!--more-->

Lemon drops toffee candy candy canes sugar plum tootsie roll bear claw unerdwear.com. Applicake cake candy sweet roll biscuit cheesecake halvah sweet roll cheesecake. Biscuit pie tootsie roll cake. Applicake chupa chups cupcake gingerbread donut. Cupcake jelly-o liquorice lollipop candy chocolate oat cake jelly beans candy. Gingerbread croissant croissant. Tiramisu chupa chups tootsie roll. Sweet gummies sesame snaps gingerbread topping. Brownie gingerbread icing. Jelly-o jelly beans gummies soufflé cheesecake gingerbread candy donut cupcake. Candy powder croissant cookie topping. Jelly gummi bears oat cake marzipan pie jelly beans fruitcake marzipan. Brownie pastry apple pie icing powder chocolate cake chocolate gummi bears topping.]]></content:encoded>
		<excerpt:encoded><![CDATA[]]></excerpt:encoded>
		<wp:post_id>23</wp:post_id>
		<wp:post_date><![CDATA[2014-02-13 13:13:20]]></wp:post_date>
		<wp:post_date_gmt><![CDATA[2014-02-13 13:13:20]]></wp:post_date_gmt>
		<wp:comment_status><![CDATA[open]]></wp:comment_status>
		<wp:ping_status><![CDATA[open]]></wp:ping_status>
		<wp:post_name><![CDATA[rock-solid]]></wp:post_name>
		<wp:status><![CDATA[publish]]></wp:status>
		<wp:post_parent>0</wp:post_parent>
		<wp:menu_order>0</wp:menu_order>
		<wp:post_type><![CDATA[post]]></wp:post_type>
		<wp:post_password><![CDATA[]]></wp:post_password>
		<wp:is_sticky>0</wp:is_sticky>
		<category domain="category" nicename="uncategorized"><![CDATA[Uncategorized]]></category>
		<wp:postmeta>
			<wp:meta_key><![CDATA[_edit_last]]></wp:meta_key>
			<wp:meta_value><![CDATA[1]]></wp:meta_value>
		</wp:postmeta>
	</item>
	<item>
		<title>Pastries</title>
		<link>https://demo.themegrill.com/radiate/2014/02/13/pastries/</link>
		<pubDate>Thu, 13 Feb 2014 13:22:33 +0000</pubDate>
		<dc:creator><![CDATA[demo@themegrill]]></dc:creator>
		<guid isPermaLink="false">http://localhost/radiate/?p=27</guid>
		<description></description>
		<content:encoded><![CDATA[<a href="http://demo.themegrill.com/radiate//wp-content/uploads/2014/02/pastry-82996-e1392297971565.jpg"><img class="aligncenter size-full wp-image-28" alt="pastry-82996" src="http://demo.themegrill.com/radiate/wp-content/uploads/2014/02/pastry-82996-e1392297971565.jpg" width="768" height="410" /></a>

Gingerbread lemon drops sweet roll. Candy icing gummies chupa chups danish carrot cake oat cake donut oat cake. Jujubes chocolate bar wafer croissant unerdwear.com caramels soufflé wafer sweet. Gingerbread powder marzipan chocolate muffin jelly gingerbread. Danish gummies gummi bears donut gingerbread. Chupa chups tart wafer ice cream candy canes marzipan pie sweet. Tart ice cream croissant chocolate cake. Cotton candy ice cream macaroon tart marzipan. Soufflé carrot cake pastry. Jelly oat cake wafer jujubes sweet unerdwear.com croissant caramels unerdwear.com. Marzipan brownie chocolate. Biscuit sweet roll jelly-o liquorice gummies jelly beans.

<!--more-->

Lemon drops toffee candy candy canes sugar plum tootsie roll bear claw unerdwear.com. Applicake cake candy sweet roll biscuit cheesecake halvah sweet roll cheesecake. Biscuit pie tootsie roll cake. Applicake chupa chups cupcake gingerbread donut. Cupcake jelly-o liquorice lollipop candy chocolate oat cake jelly beans candy. Gingerbread croissant croissant. Tiramisu chupa chups tootsie roll. Sweet gummies sesame snaps gingerbread topping. Brownie gingerbread icing. Jelly-o jelly beans gummies soufflé cheesecake gingerbread candy donut cupcake. Candy powder croissant cookie topping. Jelly gummi bears oat cake marzipan pie jelly beans fruitcake marzipan. Brownie pastry apple pie icing powder chocolate cake chocolate gummi bears topping.]]></content:encoded>
		<excerpt:encoded><![CDATA[]]></excerpt:encoded>
		<wp:post_id>27</wp:post_id>
		<wp:post_date><![CDATA[2014-02-13 13:22:33]]></wp:post_date>
		<wp:post_date_gmt><![CDATA[2014-02-13 13:22:33]]></wp:post_date_gmt>
		<wp:comment_status><![CDATA[open]]></wp:comment_status>
		<wp:ping_status><![CDATA[open]]></wp:ping_status>
		<wp:post_name><![CDATA[pastries]]></wp:post_name>
		<wp:status><![CDATA[publish]]></wp:status>
		<wp:post_parent>0</wp:post_parent>
		<wp:menu_order>0</wp:menu_order>
		<wp:post_type><![CDATA[post]]></wp:post_type>
		<wp:post_password><![CDATA[]]></wp:post_password>
		<wp:is_sticky>0</wp:is_sticky>
		<category domain="category" nicename="uncategorized"><![CDATA[Uncategorized]]></category>
		<wp:postmeta>
			<wp:meta_key><![CDATA[_edit_last]]></wp:meta_key>
			<wp:meta_value><![CDATA[1]]></wp:meta_value>
		</wp:postmeta>
	</item>
	<item>
		<title>Chocolate</title>
		<link>https://demo.themegrill.com/radiate/2014/02/13/chocolate/</link>
		<pubDate>Thu, 13 Feb 2014 13:33:35 +0000</pubDate>
		<dc:creator><![CDATA[demo@themegrill]]></dc:creator>
		<guid isPermaLink="false">http://localhost/radiate/?p=31</guid>
		<description></description>
		<content:encoded><![CDATA[<a href="http://demo.themegrill.com/radiate/wp-content/uploads/2014/02/chocolate-e1392298382993.jpg"><img class="aligncenter size-full wp-image-32" src="http://demo.themegrill.com/radiate/wp-content/uploads/2014/02/chocolate-e1392298382993.jpg" alt="chocolate" width="768" height="350" /></a>

Marzipan pie powder pie marzipan brownie chocolate bar dessert. Dragée gummies lemon drops marzipan lollipop carrot cake. Liquorice brownie lemon drops unerdwear.com macaroon bonbon oat cake caramels. Cake topping candy topping. Oat cake marzipan oat cake carrot cake jujubes chocolate bar. Chocolate dragée caramels lollipop. Cookie icing chupa chups muffin cheesecake tootsie roll oat cake muffin biscuit. Powder macaroon jelly beans unerdwear.com cotton candy toffee tootsie roll gummi bears bear claw. Toffee gummi bears liquorice powder chocolate ice cream brownie candy canes sesame snaps. Jelly beans caramels jelly-o bonbon biscuit tootsie roll. Lollipop gummies candy croissant. Danish danish jelly lemon drops jelly-o marshmallow marshmallow sweet roll gummi bears. Donut powder lemon drops tiramisu pudding. Marzipan fruitcake caramels candy canes sesame snaps carrot cake.<!--more-->

Tiramisu jelly-o dessert. Unerdwear.com tart bonbon icing. Jelly candy jelly-o cotton candy powder cheesecake marshmallow. Macaroon marzipan chupa chups danish jelly beans. Sugar plum jelly beans tart cookie cupcake cupcake muffin. Candy canes gummi bears apple pie sweet roll lemon drops topping. Pastry pudding pie donut bonbon soufflé chocolate cake soufflé. Caramels sugar plum wafer wafer icing lollipop. Tootsie roll topping unerdwear.com. Lollipop topping jujubes marzipan icing. Dragée macaroon dragée dessert topping powder gingerbread unerdwear.com. Candy carrot cake gummi bears powder tart sweet roll.]]></content:encoded>
		<excerpt:encoded><![CDATA[]]></excerpt:encoded>
		<wp:post_id>31</wp:post_id>
		<wp:post_date><![CDATA[2014-02-13 13:33:35]]></wp:post_date>
		<wp:post_date_gmt><![CDATA[2014-02-13 13:33:35]]></wp:post_date_gmt>
		<wp:comment_status><![CDATA[open]]></wp:comment_status>
		<wp:ping_status><![CDATA[open]]></wp:ping_status>
		<wp:post_name><![CDATA[chocolate]]></wp:post_name>
		<wp:status><![CDATA[publish]]></wp:status>
		<wp:post_parent>0</wp:post_parent>
		<wp:menu_order>0</wp:menu_order>
		<wp:post_type><![CDATA[post]]></wp:post_type>
		<wp:post_password><![CDATA[]]></wp:post_password>
		<wp:is_sticky>0</wp:is_sticky>
		<category domain="category" nicename="sweets"><![CDATA[Sweets]]></category>
		<category domain="category" nicename="uncategorized"><![CDATA[Uncategorized]]></category>
		<wp:postmeta>
			<wp:meta_key><![CDATA[_edit_last]]></wp:meta_key>
			<wp:meta_value><![CDATA[1]]></wp:meta_value>
		</wp:postmeta>
	</item>
	<item>
		<title>Garlic</title>
		<link>https://demo.themegrill.com/radiate/2014/02/13/garlic/</link>
		<pubDate>Thu, 13 Feb 2014 13:46:03 +0000</pubDate>
		<dc:creator><![CDATA[demo@themegrill]]></dc:creator>
		<guid isPermaLink="false">http://localhost/radiate/?p=34</guid>
		<description></description>
		<content:encoded><![CDATA[Tiramisu jelly-o dessert. Unerdwear.com tart bonbon icing. Jelly candy jelly-o cotton candy powder cheesecake marshmallow. Macaroon marzipan chupa chups danish jelly beans. Sugar plum jelly beans tart cookie cupcake cupcake muffin. Candy canes gummi bears apple pie sweet roll lemon drops topping. Pastry pudding pie donut bonbon soufflé chocolate cake soufflé. Caramels sugar plum wafer wafer icing lollipop. Tootsie roll topping unerdwear.com. Lollipop topping jujubes marzipan icing. Dragée macaroon dragée dessert topping powder gingerbread unerdwear.com. Candy carrot cake gummi bears powder tart sweet roll.

<a href="http://demo.themegrill.com/radiate/wp-content/uploads/2014/02/garlic-139659_1280-e1392299134982.jpg"><img class="aligncenter wp-image-35 size-full" src="http://demo.themegrill.com/radiate/wp-content/uploads/2014/02/garlic-139659_1280-e1392299134982.jpg" alt="garlic-139659_1280" width="768" height="596" /></a>

<!--more-->

Bear claw dessert bear claw candy canes biscuit soufflé cookie. Oat cake tart powder jelly macaroon gummi bears biscuit croissant. Muffin wafer dragée chupa chups marshmallow ice cream. Ice cream lemon drops marzipan candy. Jelly beans candy canes candy canes pastry topping soufflé bonbon. Lollipop caramels applicake. Unerdwear.com soufflé unerdwear.com lemon drops icing candy croissant bonbon dragée. Fruitcake tart croissant pudding lollipop. Cheesecake sugar plum lemon drops cupcake. Jujubes oat cake cupcake. Tiramisu tootsie roll macaroon. Wafer donut cookie. Wafer unerdwear.com fruitcake.]]></content:encoded>
		<excerpt:encoded><![CDATA[]]></excerpt:encoded>
		<wp:post_id>34</wp:post_id>
		<wp:post_date><![CDATA[2014-02-13 13:46:03]]></wp:post_date>
		<wp:post_date_gmt><![CDATA[2014-02-13 13:46:03]]></wp:post_date_gmt>
		<wp:comment_status><![CDATA[open]]></wp:comment_status>
		<wp:ping_status><![CDATA[open]]></wp:ping_status>
		<wp:post_name><![CDATA[garlic]]></wp:post_name>
		<wp:status><![CDATA[publish]]></wp:status>
		<wp:post_parent>0</wp:post_parent>
		<wp:menu_order>0</wp:menu_order>
		<wp:post_type><![CDATA[post]]></wp:post_type>
		<wp:post_password><![CDATA[]]></wp:post_password>
		<wp:is_sticky>0</wp:is_sticky>
		<category domain="category" nicename="uncategorized"><![CDATA[Uncategorized]]></category>
		<wp:postmeta>
			<wp:meta_key><![CDATA[_edit_last]]></wp:meta_key>
			<wp:meta_value><![CDATA[1]]></wp:meta_value>
		</wp:postmeta>
	</item>
	<item>
		<title>Parallax Header</title>
		<link>https://demo.themegrill.com/radiate/parallax-header/</link>
		<pubDate>Mon, 17 Feb 2014 14:18:05 +0000</pubDate>
		<dc:creator><![CDATA[demo@themegrill]]></dc:creator>
		<guid isPermaLink="false">http://demo.themegrill.com/radiate/?page_id=42</guid>
		<description></description>
		<content:encoded><![CDATA[Danish chocolate bar jujubes sugar plum. Sugar plum pie oat cake. Danish wafer jelly cotton candy dragée. Brownie biscuit chocolate cake danish sweet roll. Applicake jujubes jelly-o pudding muffin liquorice. Cupcake brownie tart bear claw carrot cake liquorice dragée tart topping. Pastry biscuit fruitcake gingerbread sweet. Soufflé topping tiramisu marshmallow sweet roll.

Marshmallow jujubes ice cream tart macaroon. Chocolate bar tart cookie pudding jelly caramels jelly-o jelly-o. Cake tart jelly beans cookie caramels apple pie. Apple pie macaroon pastry ice cream marshmallow croissant caramels topping carrot cake. Jelly-o toffee cupcake sweet roll bonbon sesame snaps unerdwear.com gingerbread chocolate cake. Caramels gingerbread lemon drops marzipan croissant tart halvah wafer dessert. Oat cake pudding biscuit gummies carrot cake sweet roll cake gingerbread. Brownie macaroon jujubes muffin chocolate cake chocolate gingerbread ice cream tart. Gummies candy chupa chups dessert gingerbread cotton candy sugar plum. Chocolate cake applicake muffin candy canes brownie marshmallow.]]></content:encoded>
		<excerpt:encoded><![CDATA[Brownie macaroon jujubes muffin chocolate cake chocolate gingerbread ice cream tart. Gummies candy chupa chups dessert gingerbread cotton candy sugar plum. Chocolate cake applicake muffin candy canes brownie marshmallow.]]></excerpt:encoded>
		<wp:post_id>42</wp:post_id>
		<wp:post_date><![CDATA[2014-02-17 14:18:05]]></wp:post_date>
		<wp:post_date_gmt><![CDATA[2014-02-17 14:18:05]]></wp:post_date_gmt>
		<wp:comment_status><![CDATA[closed]]></wp:comment_status>
		<wp:ping_status><![CDATA[open]]></wp:ping_status>
		<wp:post_name><![CDATA[parallax-header]]></wp:post_name>
		<wp:status><![CDATA[publish]]></wp:status>
		<wp:post_parent>0</wp:post_parent>
		<wp:menu_order>0</wp:menu_order>
		<wp:post_type><![CDATA[page]]></wp:post_type>
		<wp:post_password><![CDATA[]]></wp:post_password>
		<wp:is_sticky>0</wp:is_sticky>
		<wp:postmeta>
			<wp:meta_key><![CDATA[_edit_last]]></wp:meta_key>
			<wp:meta_value><![CDATA[1]]></wp:meta_value>
		</wp:postmeta>
		<wp:postmeta>
			<wp:meta_key><![CDATA[_thumbnail_id]]></wp:meta_key>
			<wp:meta_value><![CDATA[51]]></wp:meta_value>
		</wp:postmeta>
	</item>
	<item>
		<title>Simple Clean Design</title>
		<link>https://demo.themegrill.com/radiate/simple-clean-design/</link>
		<pubDate>Mon, 17 Feb 2014 14:19:04 +0000</pubDate>
		<dc:creator><![CDATA[demo@themegrill]]></dc:creator>
		<guid isPermaLink="false">http://demo.themegrill.com/radiate/?page_id=44</guid>
		<description></description>
		<content:encoded><![CDATA[Candy canes chupa chups pie unerdwear.com carrot cake chocolate cake pudding chocolate bar. Tiramisu marshmallow lollipop marshmallow muffin. Apple pie sweet roll icing biscuit lemon drops sweet roll. Powder tootsie roll fruitcake halvah marzipan pie chocolate cake jelly-o sesame snaps. Macaroon sweet tart dessert topping cheesecake. Pastry dessert chocolate bar icing. Pie sesame snaps biscuit lemon drops gingerbread cheesecake candy canes marshmallow. Lollipop pastry chupa chups icing pie dessert cookie bonbon. Candy lollipop marshmallow croissant cake chupa chups pudding chupa chups.

Topping dragée ice cream gummies cupcake. Pastry danish lemon drops. Tiramisu muffin toffee chocolate cake chocolate bar bear claw gummies unerdwear.com chocolate bar. Applicake chupa chups sesame snaps tart. Pudding cotton candy chupa chups chocolate bar topping halvah gummi bears soufflé. Topping bonbon tootsie roll chocolate topping. Muffin brownie chocolate wafer oat cake.]]></content:encoded>
		<excerpt:encoded><![CDATA[Topping dragée ice cream gummies cupcake. Pastry danish lemon drops. Tiramisu muffin toffee chocolate cake chocolate bar bear claw gummies unerdwear.com chocolate bar. Applicake chupa chups sesame cheesecake snaps tart.]]></excerpt:encoded>
		<wp:post_id>44</wp:post_id>
		<wp:post_date><![CDATA[2014-02-17 14:19:04]]></wp:post_date>
		<wp:post_date_gmt><![CDATA[2014-02-17 14:19:04]]></wp:post_date_gmt>
		<wp:comment_status><![CDATA[closed]]></wp:comment_status>
		<wp:ping_status><![CDATA[open]]></wp:ping_status>
		<wp:post_name><![CDATA[simple-clean-design]]></wp:post_name>
		<wp:status><![CDATA[publish]]></wp:status>
		<wp:post_parent>0</wp:post_parent>
		<wp:menu_order>0</wp:menu_order>
		<wp:post_type><![CDATA[page]]></wp:post_type>
		<wp:post_password><![CDATA[]]></wp:post_password>
		<wp:is_sticky>0</wp:is_sticky>
		<wp:postmeta>
			<wp:meta_key><![CDATA[_edit_last]]></wp:meta_key>
			<wp:meta_value><![CDATA[1]]></wp:meta_value>
		</wp:postmeta>
		<wp:postmeta>
			<wp:meta_key><![CDATA[_thumbnail_id]]></wp:meta_key>
			<wp:meta_value><![CDATA[57]]></wp:meta_value>
		</wp:postmeta>
	</item>
	<item>
		<title>Free Support</title>
		<link>https://demo.themegrill.com/radiate/free-support/</link>
		<pubDate>Mon, 17 Feb 2014 14:20:33 +0000</pubDate>
		<dc:creator><![CDATA[demo@themegrill]]></dc:creator>
		<guid isPermaLink="false">http://demo.themegrill.com/radiate/?page_id=46</guid>
		<description></description>
		<content:encoded><![CDATA[Tiramisu muffin toffee chocolate cake chocolate bar bear claw gummies unerdwear.com chocolate bar. Applicake chupa chups sesame snaps tart. Pudding cotton candy chupa chups chocolate bar topping halvah gummi bears soufflé. Topping bonbon tootsie roll chocolate topping. Muffin brownie chocolate wafer oat cake.

Macaroon toffee pie jelly macaroon dessert. Caramels sugar plum cookie. Tart cupcake chocolate fruitcake pastry carrot cake wafer. Chocolate cake jelly beans gingerbread danish wafer brownie cupcake. Biscuit jelly beans candy applicake. Jujubes gummi bears sesame snaps pudding cupcake oat cake. Toffee pastry pastry wafer jelly-o cheesecake. Pudding marshmallow chocolate cake cake. Ice cream marshmallow cotton candy jelly beans icing ice cream cheesecake donut.]]></content:encoded>
		<excerpt:encoded><![CDATA[Caramels sugar plum cookie. Tart cupcake chocolate fruitcake pastry carrot cake wafer. Chocolate cake jelly beans gingerbread danish wafer brownie cupcake. Biscuit jelly beans candy applicake.  Toffee pastry pastry cheesecake.]]></excerpt:encoded>
		<wp:post_id>46</wp:post_id>
		<wp:post_date><![CDATA[2014-02-17 14:20:33]]></wp:post_date>
		<wp:post_date_gmt><![CDATA[2014-02-17 14:20:33]]></wp:post_date_gmt>
		<wp:comment_status><![CDATA[closed]]></wp:comment_status>
		<wp:ping_status><![CDATA[open]]></wp:ping_status>
		<wp:post_name><![CDATA[free-support]]></wp:post_name>
		<wp:status><![CDATA[publish]]></wp:status>
		<wp:post_parent>0</wp:post_parent>
		<wp:menu_order>0</wp:menu_order>
		<wp:post_type><![CDATA[page]]></wp:post_type>
		<wp:post_password><![CDATA[]]></wp:post_password>
		<wp:is_sticky>0</wp:is_sticky>
		<wp:postmeta>
			<wp:meta_key><![CDATA[_edit_last]]></wp:meta_key>
			<wp:meta_value><![CDATA[1]]></wp:meta_value>
		</wp:postmeta>
		<wp:postmeta>
			<wp:meta_key><![CDATA[_thumbnail_id]]></wp:meta_key>
			<wp:meta_value><![CDATA[50]]></wp:meta_value>
		</wp:postmeta>
	</item>
	<item>
		<title>Download</title>
		<link>https://demo.themegrill.com/radiate/2015/03/16/download/</link>
		<pubDate>Mon, 16 Mar 2015 10:31:10 +0000</pubDate>
		<dc:creator><![CDATA[demo@themegrill]]></dc:creator>
		<guid isPermaLink="false">http://demo.themegrill.com/radiate/?p=157</guid>
		<description></description>
		<content:encoded><![CDATA[]]></content:encoded>
		<excerpt:encoded><![CDATA[]]></excerpt:encoded>
		<wp:post_id>157</wp:post_id>
		<wp:post_date><![CDATA[2015-03-16 10:31:10]]></wp:post_date>
		<wp:post_date_gmt><![CDATA[2015-03-16 10:31:10]]></wp:post_date_gmt>
		<wp:comment_status><![CDATA[closed]]></wp:comment_status>
		<wp:ping_status><![CDATA[closed]]></wp:ping_status>
		<wp:post_name><![CDATA[download]]></wp:post_name>
		<wp:status><![CDATA[publish]]></wp:status>
		<wp:post_parent>0</wp:post_parent>
		<wp:menu_order>2</wp:menu_order>
		<wp:post_type><![CDATA[nav_menu_item]]></wp:post_type>
		<wp:post_password><![CDATA[]]></wp:post_password>
		<wp:is_sticky>0</wp:is_sticky>
		<category domain="nav_menu" nicename="main"><![CDATA[Main]]></category>
		<wp:postmeta>
			<wp:meta_key><![CDATA[_menu_item_url]]></wp:meta_key>
			<wp:meta_value><![CDATA[http://themegrill.com/themes/radiate/]]></wp:meta_value>
		</wp:postmeta>
		<wp:postmeta>
			<wp:meta_key><![CDATA[_menu_item_xfn]]></wp:meta_key>
			<wp:meta_value><![CDATA[]]></wp:meta_value>
		</wp:postmeta>
		<wp:postmeta>
			<wp:meta_key><![CDATA[_menu_item_classes]]></wp:meta_key>
			<wp:meta_value><![CDATA[a:1:{i:0;s:0:"";}]]></wp:meta_value>
		</wp:postmeta>
		<wp:postmeta>
			<wp:meta_key><![CDATA[_menu_item_target]]></wp:meta_key>
			<wp:meta_value><![CDATA[_blank]]></wp:meta_value>
		</wp:postmeta>
		<wp:postmeta>
			<wp:meta_key><![CDATA[_menu_item_object]]></wp:meta_key>
			<wp:meta_value><![CDATA[custom]]></wp:meta_value>
		</wp:postmeta>
		<wp:postmeta>
			<wp:meta_key><![CDATA[_menu_item_object_id]]></wp:meta_key>
			<wp:meta_value><![CDATA[157]]></wp:meta_value>
		</wp:postmeta>
		<wp:postmeta>
			<wp:meta_key><![CDATA[_menu_item_menu_item_parent]]></wp:meta_key>
			<wp:meta_value><![CDATA[0]]></wp:meta_value>
		</wp:postmeta>
		<wp:postmeta>
			<wp:meta_key><![CDATA[_menu_item_type]]></wp:meta_key>
			<wp:meta_value><![CDATA[custom]]></wp:meta_value>
		</wp:postmeta>
	</item>
	<item>
		<title>WordPress Gallery</title>
		<link>https://demo.themegrill.com/radiate/wordpress-gallery/</link>
		<pubDate>Sat, 01 Mar 2014 03:59:18 +0000</pubDate>
		<dc:creator><![CDATA[demo@themegrill]]></dc:creator>
		<guid isPermaLink="false">http://demo.themegrill.com/radiate/?page_id=87</guid>
		<description></description>
		<content:encoded><![CDATA[This theme supports the WordPress gallery, displaying it in a beautiful aligned manner.
<blockquote><strong>Note</strong>: <em>You can bring uniformity in height as well by uploading images of same size.  Also, to show the full image pop up box with navigation after you click on any image, install the jetpack plugin and activate the carousel module.
</em></blockquote>
<h2>One Column</h2>
[gallery size="large" columns="1" ids="94,91"]
<h2>Two Column</h2>
[gallery size="large" columns="2" ids="57,89,90,91"]
<h2>Three Column</h2>
[gallery size="medium" ids="89,93,92,90,91,94"]
<h2>Four Column</h2>
[gallery columns="4" ids="89,93,92,91,90,57,51,94"]
<h2>Five Column</h2>
[gallery columns="5" ids="89,93,92,91,90,57,51,94"]
<h2>Six Column</h2>
[gallery columns="6" ids="89,93,92,91,90,57,51,94"]
<h2>Seven Column</h2>
[gallery columns="7" ids="89,93,92,91,90,57,51,94"]
<h2>Eight Column</h2>
[gallery columns="8" ids="89,93,92,91,90,57,51,94"]
<h2>Nine Column</h2>
[gallery columns="9" ids="94,93,92,91,90,57,89,51,49"]]]></content:encoded>
		<excerpt:encoded><![CDATA[]]></excerpt:encoded>
		<wp:post_id>87</wp:post_id>
		<wp:post_date><![CDATA[2014-03-01 03:59:18]]></wp:post_date>
		<wp:post_date_gmt><![CDATA[2014-03-01 03:59:18]]></wp:post_date_gmt>
		<wp:comment_status><![CDATA[closed]]></wp:comment_status>
		<wp:ping_status><![CDATA[open]]></wp:ping_status>
		<wp:post_name><![CDATA[wordpress-gallery]]></wp:post_name>
		<wp:status><![CDATA[publish]]></wp:status>
		<wp:post_parent>0</wp:post_parent>
		<wp:menu_order>0</wp:menu_order>
		<wp:post_type><![CDATA[page]]></wp:post_type>
		<wp:post_password><![CDATA[]]></wp:post_password>
		<wp:is_sticky>0</wp:is_sticky>
		<wp:postmeta>
			<wp:meta_key><![CDATA[_edit_last]]></wp:meta_key>
			<wp:meta_value><![CDATA[1]]></wp:meta_value>
		</wp:postmeta>
	</item>
	<item>
		<title>WordPress Tiled Gallery</title>
		<link>https://demo.themegrill.com/radiate/wordpress-gallery/wordpress-tiled-gallery/</link>
		<pubDate>Sat, 01 Mar 2014 04:48:30 +0000</pubDate>
		<dc:creator><![CDATA[demo@themegrill]]></dc:creator>
		<guid isPermaLink="false">http://demo.themegrill.com/radiate/?page_id=110</guid>
		<description></description>
		<content:encoded><![CDATA[This page shows the other gallery type offered by jetpack plugin.
<blockquote><strong>Note</strong>: <em>To activate the following types of gallery view, please install the jetpack plugin and activate the tiled gallery module. Also, to show the full image pop up box with navigation after you click on any image, install the jetpack plugin and activate the carousel module.</em></blockquote>
<h2>Tiled Mosaic</h2>
[gallery type="rectangular" ids="94,91,93,61,51"]

<h2>Square Tiles</h2>
[gallery type="square" ids="94,91,93,61,51"]

<h2>Circles</h2>
[gallery type="circle" ids="94,91,93,61,51"]]]></content:encoded>
		<excerpt:encoded><![CDATA[]]></excerpt:encoded>
		<wp:post_id>110</wp:post_id>
		<wp:post_date><![CDATA[2014-03-01 04:48:30]]></wp:post_date>
		<wp:post_date_gmt><![CDATA[2014-03-01 04:48:30]]></wp:post_date_gmt>
		<wp:comment_status><![CDATA[closed]]></wp:comment_status>
		<wp:ping_status><![CDATA[open]]></wp:ping_status>
		<wp:post_name><![CDATA[wordpress-tiled-gallery]]></wp:post_name>
		<wp:status><![CDATA[publish]]></wp:status>
		<wp:post_parent>87</wp:post_parent>
		<wp:menu_order>0</wp:menu_order>
		<wp:post_type><![CDATA[page]]></wp:post_type>
		<wp:post_password><![CDATA[]]></wp:post_password>
		<wp:is_sticky>0</wp:is_sticky>
		<wp:postmeta>
			<wp:meta_key><![CDATA[_edit_last]]></wp:meta_key>
			<wp:meta_value><![CDATA[1]]></wp:meta_value>
		</wp:postmeta>
		<wp:postmeta>
			<wp:meta_key><![CDATA[_wpas_done_all]]></wp:meta_key>
			<wp:meta_value><![CDATA[1]]></wp:meta_value>
		</wp:postmeta>
	</item>
	<item>
		<title>WordPress Slideshow Gallery</title>
		<link>https://demo.themegrill.com/radiate/wordpress-gallery/wordpress-slideshow-gallery/</link>
		<pubDate>Sat, 01 Mar 2014 05:01:21 +0000</pubDate>
		<dc:creator><![CDATA[demo@themegrill]]></dc:creator>
		<guid isPermaLink="false">http://demo.themegrill.com/radiate/?page_id=121</guid>
		<description></description>
		<content:encoded><![CDATA[This page shows the slideshow gallery type offered by jetpack plugin.
<blockquote><strong>Note</strong>: <em>To activate the following types of gallery view, please install the jetpack plugin and activate the tiled gallery and shortcode module. Also, to show the full image pop up box with navigation after you click on any image, install the jetpack plugin and activate the carousel module.</em></blockquote>
[gallery type="slideshow" ids="94,93,91,57,51"]]]></content:encoded>
		<excerpt:encoded><![CDATA[]]></excerpt:encoded>
		<wp:post_id>121</wp:post_id>
		<wp:post_date><![CDATA[2014-03-01 05:01:21]]></wp:post_date>
		<wp:post_date_gmt><![CDATA[2014-03-01 05:01:21]]></wp:post_date_gmt>
		<wp:comment_status><![CDATA[closed]]></wp:comment_status>
		<wp:ping_status><![CDATA[open]]></wp:ping_status>
		<wp:post_name><![CDATA[wordpress-slideshow-gallery]]></wp:post_name>
		<wp:status><![CDATA[publish]]></wp:status>
		<wp:post_parent>87</wp:post_parent>
		<wp:menu_order>0</wp:menu_order>
		<wp:post_type><![CDATA[page]]></wp:post_type>
		<wp:post_password><![CDATA[]]></wp:post_password>
		<wp:is_sticky>0</wp:is_sticky>
		<wp:postmeta>
			<wp:meta_key><![CDATA[_edit_last]]></wp:meta_key>
			<wp:meta_value><![CDATA[1]]></wp:meta_value>
		</wp:postmeta>
		<wp:postmeta>
			<wp:meta_key><![CDATA[_wpas_done_all]]></wp:meta_key>
			<wp:meta_value><![CDATA[1]]></wp:meta_value>
		</wp:postmeta>
	</item>
	<item>
		<title>Tiled Gallery</title>
		<link>https://demo.themegrill.com/radiate/2014/03/01/tiled-gallery/</link>
		<pubDate>Sat, 01 Mar 2014 05:04:04 +0000</pubDate>
		<dc:creator><![CDATA[demo@themegrill]]></dc:creator>
		<guid isPermaLink="false">http://demo.themegrill.com/radiate/?p=125</guid>
		<description></description>
		<content:encoded><![CDATA[]]></content:encoded>
		<excerpt:encoded><![CDATA[]]></excerpt:encoded>
		<wp:post_id>125</wp:post_id>
		<wp:post_date><![CDATA[2014-03-01 05:04:04]]></wp:post_date>
		<wp:post_date_gmt><![CDATA[2014-03-01 05:04:04]]></wp:post_date_gmt>
		<wp:comment_status><![CDATA[open]]></wp:comment_status>
		<wp:ping_status><![CDATA[closed]]></wp:ping_status>
		<wp:post_name><![CDATA[tiled-gallery]]></wp:post_name>
		<wp:status><![CDATA[publish]]></wp:status>
		<wp:post_parent>87</wp:post_parent>
		<wp:menu_order>4</wp:menu_order>
		<wp:post_type><![CDATA[nav_menu_item]]></wp:post_type>
		<wp:post_password><![CDATA[]]></wp:post_password>
		<wp:is_sticky>0</wp:is_sticky>
		<category domain="nav_menu" nicename="main"><![CDATA[Main]]></category>
		<wp:postmeta>
			<wp:meta_key><![CDATA[_menu_item_type]]></wp:meta_key>
			<wp:meta_value><![CDATA[post_type]]></wp:meta_value>
		</wp:postmeta>
		<wp:postmeta>
			<wp:meta_key><![CDATA[_menu_item_menu_item_parent]]></wp:meta_key>
			<wp:meta_value><![CDATA[104]]></wp:meta_value>
		</wp:postmeta>
		<wp:postmeta>
			<wp:meta_key><![CDATA[_menu_item_object_id]]></wp:meta_key>
			<wp:meta_value><![CDATA[110]]></wp:meta_value>
		</wp:postmeta>
		<wp:postmeta>
			<wp:meta_key><![CDATA[_menu_item_object]]></wp:meta_key>
			<wp:meta_value><![CDATA[page]]></wp:meta_value>
		</wp:postmeta>
		<wp:postmeta>
			<wp:meta_key><![CDATA[_menu_item_target]]></wp:meta_key>
			<wp:meta_value><![CDATA[]]></wp:meta_value>
		</wp:postmeta>
		<wp:postmeta>
			<wp:meta_key><![CDATA[_menu_item_classes]]></wp:meta_key>
			<wp:meta_value><![CDATA[a:1:{i:0;s:0:"";}]]></wp:meta_value>
		</wp:postmeta>
		<wp:postmeta>
			<wp:meta_key><![CDATA[_menu_item_xfn]]></wp:meta_key>
			<wp:meta_value><![CDATA[]]></wp:meta_value>
		</wp:postmeta>
		<wp:postmeta>
			<wp:meta_key><![CDATA[_menu_item_url]]></wp:meta_key>
			<wp:meta_value><![CDATA[]]></wp:meta_value>
		</wp:postmeta>
		<wp:postmeta>
			<wp:meta_key><![CDATA[_wpas_done_all]]></wp:meta_key>
			<wp:meta_value><![CDATA[1]]></wp:meta_value>
		</wp:postmeta>
	</item>
	<item>
		<title></title>
		<link>https://demo.themegrill.com/radiate/2018/03/22/231/</link>
		<pubDate>Thu, 22 Mar 2018 06:24:16 +0000</pubDate>
		<dc:creator><![CDATA[themeeditor]]></dc:creator>
		<guid isPermaLink="false">https://demo.themegrill.com/radiate/?p=231</guid>
		<description></description>
		<content:encoded><![CDATA[ ]]></content:encoded>
		<excerpt:encoded><![CDATA[]]></excerpt:encoded>
		<wp:post_id>231</wp:post_id>
		<wp:post_date><![CDATA[2018-03-22 06:24:16]]></wp:post_date>
		<wp:post_date_gmt><![CDATA[2018-03-22 06:24:16]]></wp:post_date_gmt>
		<wp:comment_status><![CDATA[closed]]></wp:comment_status>
		<wp:ping_status><![CDATA[closed]]></wp:ping_status>
		<wp:post_name><![CDATA[231]]></wp:post_name>
		<wp:status><![CDATA[publish]]></wp:status>
		<wp:post_parent>0</wp:post_parent>
		<wp:menu_order>8</wp:menu_order>
		<wp:post_type><![CDATA[nav_menu_item]]></wp:post_type>
		<wp:post_password><![CDATA[]]></wp:post_password>
		<wp:is_sticky>0</wp:is_sticky>
		<category domain="nav_menu" nicename="main"><![CDATA[Main]]></category>
		<wp:postmeta>
			<wp:meta_key><![CDATA[_menu_item_type]]></wp:meta_key>
			<wp:meta_value><![CDATA[post_type]]></wp:meta_value>
		</wp:postmeta>
		<wp:postmeta>
			<wp:meta_key><![CDATA[_menu_item_menu_item_parent]]></wp:meta_key>
			<wp:meta_value><![CDATA[0]]></wp:meta_value>
		</wp:postmeta>
		<wp:postmeta>
			<wp:meta_key><![CDATA[_menu_item_object_id]]></wp:meta_key>
			<wp:meta_value><![CDATA[229]]></wp:meta_value>
		</wp:postmeta>
		<wp:postmeta>
			<wp:meta_key><![CDATA[_menu_item_object]]></wp:meta_key>
			<wp:meta_value><![CDATA[page]]></wp:meta_value>
		</wp:postmeta>
		<wp:postmeta>
			<wp:meta_key><![CDATA[_menu_item_target]]></wp:meta_key>
			<wp:meta_value><![CDATA[]]></wp:meta_value>
		</wp:postmeta>
		<wp:postmeta>
			<wp:meta_key><![CDATA[_menu_item_classes]]></wp:meta_key>
			<wp:meta_value><![CDATA[a:1:{i:0;s:0:"";}]]></wp:meta_value>
		</wp:postmeta>
		<wp:postmeta>
			<wp:meta_key><![CDATA[_menu_item_xfn]]></wp:meta_key>
			<wp:meta_value><![CDATA[]]></wp:meta_value>
		</wp:postmeta>
		<wp:postmeta>
			<wp:meta_key><![CDATA[_menu_item_url]]></wp:meta_key>
			<wp:meta_value><![CDATA[]]></wp:meta_value>
		</wp:postmeta>
	</item>
	<item>
		<title>Contact</title>
		<link>https://demo.themegrill.com/radiate/contact/</link>
		<pubDate>Thu, 22 Mar 2018 06:23:52 +0000</pubDate>
		<dc:creator><![CDATA[themeeditor]]></dc:creator>
		<guid isPermaLink="false">https://demo.themegrill.com/radiate/?page_id=229</guid>
		<description></description>
		<content:encoded><![CDATA[This contact form is created using <a href="https://wpeverest.com/wordpress-plugins/everest-forms/" target="_blank" rel="noopener">Everest Forms</a>. To download this contact form plugin click <a href="https://downloads.wordpress.org/plugin/everest-forms.zip" rel="nofollow">here</a>.

This contact form is just for demo purpose. If you have any theme related support questions, please put your query in our support forum <a href="http://themegrill.com/support-forum/" target="_blank" rel="noopener noreferrer">http://themegrill.com/support-forum/</a>.
And if you have any theme related sales questions or if you just want to say hello, please send your message via our contact page <a href="http://themegrill.com/contact/" target="_blank" rel="noopener noreferrer">http://themegrill.com/contact/</a>.

[everest_form id="228"]]]></content:encoded>
		<excerpt:encoded><![CDATA[]]></excerpt:encoded>
		<wp:post_id>229</wp:post_id>
		<wp:post_date><![CDATA[2018-03-22 06:23:52]]></wp:post_date>
		<wp:post_date_gmt><![CDATA[2018-03-22 06:23:52]]></wp:post_date_gmt>
		<wp:comment_status><![CDATA[closed]]></wp:comment_status>
		<wp:ping_status><![CDATA[closed]]></wp:ping_status>
		<wp:post_name><![CDATA[contact]]></wp:post_name>
		<wp:status><![CDATA[publish]]></wp:status>
		<wp:post_parent>0</wp:post_parent>
		<wp:menu_order>0</wp:menu_order>
		<wp:post_type><![CDATA[page]]></wp:post_type>
		<wp:post_password><![CDATA[]]></wp:post_password>
		<wp:is_sticky>0</wp:is_sticky>
		<wp:postmeta>
			<wp:meta_key><![CDATA[_edit_last]]></wp:meta_key>
			<wp:meta_value><![CDATA[30]]></wp:meta_value>
		</wp:postmeta>
	</item>
</channel>
</rss>
