<?xml version="1.0" encoding="UTF-8" ?>
<!-- This is a WordPress eXtended RSS file generated by WordPress as an export of your site. -->
<!-- It contains information about your site's posts, pages, comments, categories, and other content. -->
<!-- You may use this file to transfer that content from one site to another. -->
<!-- This file is not intended to serve as a complete backup of your site. -->

<!-- To import this information into a WordPress site follow these steps: -->
<!-- 1. Log in to that site as an administrator. -->
<!-- 2. Go to Tools: Import in the WordPress admin panel. -->
<!-- 3. Install the "WordPress" importer from the list. -->
<!-- 4. Activate & Run Importer. -->
<!-- 5. Upload this file using the form provided on that page. -->
<!-- 6. You will first be asked to map the authors in this export file to users -->
<!--    on the site. For each author, you may choose to map to an -->
<!--    existing user on the site or to create a new user. -->
<!-- 7. WordPress will then import each of the posts, pages, comments, categories, etc. -->
<!--    contained in this file into your site. -->

	
<rss version="2.0"
	xmlns:excerpt="http://wordpress.org/export/1.2/excerpt/"
	xmlns:content="http://purl.org/rss/1.0/modules/content/"
	xmlns:wfw="http://wellformedweb.org/CommentAPI/"
	xmlns:dc="http://purl.org/dc/elements/1.1/"
	xmlns:wp="http://wordpress.org/export/1.2/"
>

<channel>
	<title>zakrademos.com</title>
	<link>https://zakrademos.com</link>
	<description>Just another WordPress site</description>
	<pubDate>Thu, 08 Feb 2024 10:00:41 +0000</pubDate>
	<language>en-US</language>
	<wp:wxr_version>1.2</wp:wxr_version>
	<wp:base_site_url>https://zakrademos.com/</wp:base_site_url>
	<wp:base_blog_url>https://zakrademos.com</wp:base_blog_url>

		<wp:author><wp:author_id>1</wp:author_id><wp:author_login><![CDATA[rabinstha.me@gmail.com]]></wp:author_login><wp:author_email><![CDATA[rabinstha.me@gmail.com]]></wp:author_email><wp:author_display_name><![CDATA[Rabinsthame]]></wp:author_display_name><wp:author_first_name><![CDATA[]]></wp:author_first_name><wp:author_last_name><![CDATA[]]></wp:author_last_name></wp:author>
	<wp:author><wp:author_id>2</wp:author_id><wp:author_login><![CDATA[teamthemegrill]]></wp:author_login><wp:author_email><![CDATA[team@themegrill.com]]></wp:author_email><wp:author_display_name><![CDATA[teamthemegrill]]></wp:author_display_name><wp:author_first_name><![CDATA[]]></wp:author_first_name><wp:author_last_name><![CDATA[]]></wp:author_last_name></wp:author>

		<wp:category>
		<wp:term_id>1</wp:term_id>
		<wp:category_nicename><![CDATA[uncategorized]]></wp:category_nicename>
		<wp:category_parent><![CDATA[]]></wp:category_parent>
		<wp:cat_name><![CDATA[Uncategorized]]></wp:cat_name>
	</wp:category>
				
	

<image>
	<url>https://zakrademos.com/wp-content/uploads/2020/07/zakra.png</url>
	<title>zakrademos.com</title>
	<link>https://zakrademos.com</link>
	<width>32</width>
	<height>32</height>
</image> 

		<item>
		<title><![CDATA[Sample Page]]></title>
		<link>https://zakrademos.com/sample-page/</link>
		<pubDate>Thu, 04 Jul 2019 09:13:00 +0000</pubDate>
		<dc:creator><![CDATA[rabinstha.me@gmail.com]]></dc:creator>
		<guid isPermaLink="false">https://zakrademos.com/?page_id=2</guid>
		<description></description>
		<content:encoded><![CDATA[<!-- wp:paragraph -->
<p>This is an example page. It's different from a blog post because it will stay in one place and will show up in your site navigation (in most themes). Most people start with an About page that introduces them to potential site visitors. It might say something like this:</p>
<!-- /wp:paragraph -->

<!-- wp:quote -->
<blockquote class="wp-block-quote"><p>Hi there! I'm a bike messenger by day, aspiring actor by night, and this is my website. I live in Los Angeles, have a great dog named Jack, and I like pi&#241;a coladas. (And gettin' caught in the rain.)</p></blockquote>
<!-- /wp:quote -->

<!-- wp:paragraph -->
<p>...or something like this:</p>
<!-- /wp:paragraph -->

<!-- wp:quote -->
<blockquote class="wp-block-quote"><p>The XYZ Doohickey Company was founded in 1971, and has been providing quality doohickeys to the public ever since. Located in Gotham City, XYZ employs over 2,000 people and does all kinds of awesome things for the Gotham community.</p></blockquote>
<!-- /wp:quote -->

<!-- wp:paragraph -->
<p>As a new WordPress user, you should go to <a href="https://zakrademos.com/wp-admin/">your dashboard</a> to delete this page and create new pages for your content. Have fun!</p>
<!-- /wp:paragraph -->]]></content:encoded>
		<excerpt:encoded><![CDATA[]]></excerpt:encoded>
		<wp:post_id>2</wp:post_id>
		<wp:post_date><![CDATA[2019-07-04 09:13:00]]></wp:post_date>
		<wp:post_date_gmt><![CDATA[2019-07-04 09:13:00]]></wp:post_date_gmt>
		<wp:post_modified><![CDATA[2019-07-04 09:13:00]]></wp:post_modified>
		<wp:post_modified_gmt><![CDATA[2019-07-04 09:13:00]]></wp:post_modified_gmt>
		<wp:comment_status><![CDATA[closed]]></wp:comment_status>
		<wp:ping_status><![CDATA[open]]></wp:ping_status>
		<wp:post_name><![CDATA[sample-page]]></wp:post_name>
		<wp:status><![CDATA[publish]]></wp:status>
		<wp:post_parent>0</wp:post_parent>
		<wp:menu_order>0</wp:menu_order>
		<wp:post_type><![CDATA[page]]></wp:post_type>
		<wp:post_password><![CDATA[]]></wp:post_password>
		<wp:is_sticky>0</wp:is_sticky>
														<wp:postmeta>
		<wp:meta_key><![CDATA[_wp_page_template]]></wp:meta_key>
		<wp:meta_value><![CDATA[default]]></wp:meta_value>
		</wp:postmeta>
							<wp:postmeta>
		<wp:meta_key><![CDATA[rank_math_analytic_object_id]]></wp:meta_key>
		<wp:meta_value><![CDATA[10]]></wp:meta_value>
		</wp:postmeta>
							<wp:postmeta>
		<wp:meta_key><![CDATA[rank_math_internal_links_processed]]></wp:meta_key>
		<wp:meta_value><![CDATA[1]]></wp:meta_value>
		</wp:postmeta>
							</item>
					<item>
		<title><![CDATA[Privacy Policy]]></title>
		<link>https://zakrademos.com/?page_id=3</link>
		<pubDate>Thu, 04 Jul 2019 09:13:00 +0000</pubDate>
		<dc:creator><![CDATA[rabinstha.me@gmail.com]]></dc:creator>
		<guid isPermaLink="false">https://zakrademos.com/?page_id=3</guid>
		<description></description>
		<content:encoded><![CDATA[<!-- wp:heading --><h2>Who we are</h2><!-- /wp:heading --><!-- wp:paragraph --><p>Our website address is: https://zakrademos.com.</p><!-- /wp:paragraph --><!-- wp:heading --><h2>What personal data we collect and why we collect it</h2><!-- /wp:heading --><!-- wp:heading {"level":3} --><h3>Comments</h3><!-- /wp:heading --><!-- wp:paragraph --><p>When visitors leave comments on the site we collect the data shown in the comments form, and also the visitor&#8217;s IP address and browser user agent string to help spam detection.</p><!-- /wp:paragraph --><!-- wp:paragraph --><p>An anonymized string created from your email address (also called a hash) may be provided to the Gravatar service to see if you are using it. The Gravatar service privacy policy is available here: https://automattic.com/privacy/. After approval of your comment, your profile picture is visible to the public in the context of your comment.</p><!-- /wp:paragraph --><!-- wp:heading {"level":3} --><h3>Media</h3><!-- /wp:heading --><!-- wp:paragraph --><p>If you upload images to the website, you should avoid uploading images with embedded location data (EXIF GPS) included. Visitors to the website can download and extract any location data from images on the website.</p><!-- /wp:paragraph --><!-- wp:heading {"level":3} --><h3>Contact forms</h3><!-- /wp:heading --><!-- wp:heading {"level":3} --><h3>Cookies</h3><!-- /wp:heading --><!-- wp:paragraph --><p>If you leave a comment on our site you may opt-in to saving your name, email address and website in cookies. These are for your convenience so that you do not have to fill in your details again when you leave another comment. These cookies will last for one year.</p><!-- /wp:paragraph --><!-- wp:paragraph --><p>If you visit our login page, we will set a temporary cookie to determine if your browser accepts cookies. This cookie contains no personal data and is discarded when you close your browser.</p><!-- /wp:paragraph --><!-- wp:paragraph --><p>When you log in, we will also set up several cookies to save your login information and your screen display choices. Login cookies last for two days, and screen options cookies last for a year. If you select &quot;Remember Me&quot;, your login will persist for two weeks. If you log out of your account, the login cookies will be removed.</p><!-- /wp:paragraph --><!-- wp:paragraph --><p>If you edit or publish an article, an additional cookie will be saved in your browser. This cookie includes no personal data and simply indicates the post ID of the article you just edited. It expires after 1 day.</p><!-- /wp:paragraph --><!-- wp:heading {"level":3} --><h3>Embedded content from other websites</h3><!-- /wp:heading --><!-- wp:paragraph --><p>Articles on this site may include embedded content (e.g. videos, images, articles, etc.). Embedded content from other websites behaves in the exact same way as if the visitor has visited the other website.</p><!-- /wp:paragraph --><!-- wp:paragraph --><p>These websites may collect data about you, use cookies, embed additional third-party tracking, and monitor your interaction with that embedded content, including tracking your interaction with the embedded content if you have an account and are logged in to that website.</p><!-- /wp:paragraph --><!-- wp:heading {"level":3} --><h3>Analytics</h3><!-- /wp:heading --><!-- wp:heading --><h2>Who we share your data with</h2><!-- /wp:heading --><!-- wp:heading --><h2>How long we retain your data</h2><!-- /wp:heading --><!-- wp:paragraph --><p>If you leave a comment, the comment and its metadata are retained indefinitely. This is so we can recognize and approve any follow-up comments automatically instead of holding them in a moderation queue.</p><!-- /wp:paragraph --><!-- wp:paragraph --><p>For users that register on our website (if any), we also store the personal information they provide in their user profile. All users can see, edit, or delete their personal information at any time (except they cannot change their username). Website administrators can also see and edit that information.</p><!-- /wp:paragraph --><!-- wp:heading --><h2>What rights you have over your data</h2><!-- /wp:heading --><!-- wp:paragraph --><p>If you have an account on this site, or have left comments, you can request to receive an exported file of the personal data we hold about you, including any data you have provided to us. You can also request that we erase any personal data we hold about you. This does not include any data we are obliged to keep for administrative, legal, or security purposes.</p><!-- /wp:paragraph --><!-- wp:heading --><h2>Where we send your data</h2><!-- /wp:heading --><!-- wp:paragraph --><p>Visitor comments may be checked through an automated spam detection service.</p><!-- /wp:paragraph --><!-- wp:heading --><h2>Your contact information</h2><!-- /wp:heading --><!-- wp:heading --><h2>Additional information</h2><!-- /wp:heading --><!-- wp:heading {"level":3} --><h3>How we protect your data</h3><!-- /wp:heading --><!-- wp:heading {"level":3} --><h3>What data breach procedures we have in place</h3><!-- /wp:heading --><!-- wp:heading {"level":3} --><h3>What third parties we receive data from</h3><!-- /wp:heading --><!-- wp:heading {"level":3} --><h3>What automated decision making and/or profiling we do with user data</h3><!-- /wp:heading --><!-- wp:heading {"level":3} --><h3>Industry regulatory disclosure requirements</h3><!-- /wp:heading -->]]></content:encoded>
		<excerpt:encoded><![CDATA[]]></excerpt:encoded>
		<wp:post_id>3</wp:post_id>
		<wp:post_date><![CDATA[2019-07-04 09:13:00]]></wp:post_date>
		<wp:post_date_gmt><![CDATA[2019-07-04 09:13:00]]></wp:post_date_gmt>
		<wp:post_modified><![CDATA[2019-07-04 09:13:00]]></wp:post_modified>
		<wp:post_modified_gmt><![CDATA[2019-07-04 09:13:00]]></wp:post_modified_gmt>
		<wp:comment_status><![CDATA[closed]]></wp:comment_status>
		<wp:ping_status><![CDATA[open]]></wp:ping_status>
		<wp:post_name><![CDATA[privacy-policy]]></wp:post_name>
		<wp:status><![CDATA[draft]]></wp:status>
		<wp:post_parent>0</wp:post_parent>
		<wp:menu_order>0</wp:menu_order>
		<wp:post_type><![CDATA[page]]></wp:post_type>
		<wp:post_password><![CDATA[]]></wp:post_password>
		<wp:is_sticky>0</wp:is_sticky>
														<wp:postmeta>
		<wp:meta_key><![CDATA[_wp_page_template]]></wp:meta_key>
		<wp:meta_value><![CDATA[default]]></wp:meta_value>
		</wp:postmeta>
							</item>
					<item>
		<title><![CDATA[Contact Form]]></title>
		<link>https://zakrademos.com/?post_type=everest_form&#038;p=8</link>
		<pubDate>Tue, 09 Jul 2019 06:33:48 +0000</pubDate>
		<dc:creator><![CDATA[teamthemegrill]]></dc:creator>
		<guid isPermaLink="false">https://zakrademos.com/?post_type=everest_form&#038;p=8</guid>
		<description></description>
		<content:encoded><![CDATA[{"id":"8","form_enabled":"1","form_field_id":1,"form_fields":{"fullname":{"id":"fullname","type":"text","label":"Name","meta-key":"name","description":"","required":"1","required-field-message":"This field is required.","placeholder":"","limit_count":"1","limit_mode":"characters","min_length_count":"1","min_length_mode":"characters","default_value":"","css":"","input_mask":""},"email":{"id":"email","type":"email","label":"Email","meta-key":"email","description":"","required":"1","required-field-message":"Please enter a valid email address.","placeholder":"","confirmation_placeholder":"","default_value":"","css":""},"subject":{"id":"subject","type":"text","label":"Subject","meta-key":"subject","description":"","required":"1","required-field-message":"This field is required.","placeholder":"","limit_count":"1","limit_mode":"characters","min_length_count":"1","min_length_mode":"characters","default_value":"","css":"","input_mask":""},"message":{"id":"message","type":"textarea","label":"Message","meta-key":"message","description":"","required-field-message":"This field is required.","placeholder":"","limit_count":"1","limit_mode":"characters","min_length_count":"1","min_length_mode":"characters","default_value":"","css":""}},"settings":{"form_title":"Contact Form","form_description":"","form_disable_message":"This form is disabled.","successful_form_submission_message":"Thanks for contacting us! We will be in touch with you shortly.","submission_message_scroll":"1","redirect_to":"same","custom_page":"2","external_url":"","layout_class":"default","form_class":"","submit_button_text":"Submit","submit_button_processing_text":"Processing\u2026","submit_button_class":"","honeypot":"1","ajax_form_submission":"0","disabled_entries":"0","email":{"connection_1":{"enable_email_notification":"1","connection_name":"Admin Notification","evf_to_email":"{admin_email}","evf_from_name":"zakrademos.com","evf_from_email":"themegrilldemos@gmail.com","evf_reply_to":"{field_id=\"email\"}","evf_email_subject":"New Form Entry","evf_email_message":"{all_fields}"}},"choose_pdf_fields":[]},"structure":{"row_1":{"grid_1":["fullname","email","subject","message"]}}}]]></content:encoded>
		<excerpt:encoded><![CDATA[]]></excerpt:encoded>
		<wp:post_id>8</wp:post_id>
		<wp:post_date><![CDATA[2019-07-09 06:33:48]]></wp:post_date>
		<wp:post_date_gmt><![CDATA[2019-07-09 06:33:48]]></wp:post_date_gmt>
		<wp:post_modified><![CDATA[2022-07-12 05:30:43]]></wp:post_modified>
		<wp:post_modified_gmt><![CDATA[2022-07-12 05:30:43]]></wp:post_modified_gmt>
		<wp:comment_status><![CDATA[closed]]></wp:comment_status>
		<wp:ping_status><![CDATA[closed]]></wp:ping_status>
		<wp:post_name><![CDATA[contact-form]]></wp:post_name>
		<wp:status><![CDATA[publish]]></wp:status>
		<wp:post_parent>0</wp:post_parent>
		<wp:menu_order>0</wp:menu_order>
		<wp:post_type><![CDATA[everest_form]]></wp:post_type>
		<wp:post_password><![CDATA[]]></wp:post_password>
		<wp:is_sticky>0</wp:is_sticky>
														</item>
					<item>
		<title><![CDATA[zakra]]></title>
		<link>https://zakrademos.com/2019/11/13/zakra/</link>
		<pubDate>Wed, 13 Nov 2019 06:13:28 +0000</pubDate>
		<dc:creator><![CDATA[teamthemegrill]]></dc:creator>
		<guid isPermaLink="false">https://zakrademos.com/blog/2019/11/13/zakra/</guid>
		<description></description>
		<content:encoded><![CDATA[.everest-forms button, .everest-forms button[type="submit"]{
	font-family: "Changa One", Sans-serif;	
	background: #f8c240;
	border: 0;
	padding: 12px 65px;
	border-radius: 15pc;
	color: #222;
	text-transform: uppercase;
	margin-top: -20px;
}

.everest-forms button[type="submit"]:hover{
	background: #333333;
	color: #fff;
}

.everest-forms .evf-field-container .evf-frontend-row input::placeholder,
.everest-forms .evf-field-container .evf-frontend-row textarea::placeholder{
font-family: "Changa One", Sans-serif;
	color: #222222;
	opacity: 1;
	font-size: 16px;
	
}

.everest-forms{
	border: 5px solid #000;
	padding: 90px 60px 70px;
}

.everest-forms input[type="text"],
.everest-forms input[type="email"],
.everest-forms textarea{
	font-family: "Changa One", Sans-serif;
	font-size: 16px;
	color: #222222;
	border: 0;
	padding-left: 0;
	border-bottom: 1px solid #000;
	margin-bottom: 60px;
}
.everest-forms .evf-field-container .evf-frontend-row textarea{
	height: 150px;
}

.footer-logo-sec li{
	display: inline-block;
	height: 35px;
	width: 35px;
	border-radius: 18px;
	background: #f8c240;
	text-align: center;
}

footer.tg-site-footer .tg-site-footer-widgets .footer-logo-sec ul li a{
	line-height: 35px;
	color: #222222;
	padding: 0;
}

.footer-logo-sec{
	text-align: right;
}

.footer-logo-sec img{
	margin-bottom: 30px;
}

.footer-link-sec h6{
	color: #f8c240;
}

.footer-link-sec span{
	color: #fff;
}


footer.tg-site-footer .tg-site-footer-widgets .footer-widget-mid a{
	color: #222222;
}

.footer-widget-mid {
	text-align: center;
	margin-top: 40px;
}

.footer-widget-mid h5{
	font-size: 26px;
	color: #fff;
	line-height: 1.3;
	margin-bottom: 30px;
}

.footer-widget-mid a{
	font-family: "Changa One", Sans-serif;
  background-color: #F8C240;
	text-transform: uppercase;
	border-radius: 25px 25px 25px 25px;
	padding: 18px 40px 18px 40px;
}

.footer-widget-mid a:hover{
	background: #fff;
}

@media only screen and (max-width: 1027px){

.footer-widget-mid,
	.footer-logo-sec{
	text-align: left;
	margin-top: 40px}
}

@media only screen and (max-width: 767px){
.everest-forms {
	padding: 90px 30px 70px;}	
}

]]></content:encoded>
		<excerpt:encoded><![CDATA[]]></excerpt:encoded>
		<wp:post_id>30</wp:post_id>
		<wp:post_date><![CDATA[2019-11-13 06:13:28]]></wp:post_date>
		<wp:post_date_gmt><![CDATA[2019-11-13 06:13:28]]></wp:post_date_gmt>
		<wp:post_modified><![CDATA[2020-06-10 11:42:06]]></wp:post_modified>
		<wp:post_modified_gmt><![CDATA[2020-06-10 11:42:06]]></wp:post_modified_gmt>
		<wp:comment_status><![CDATA[closed]]></wp:comment_status>
		<wp:ping_status><![CDATA[closed]]></wp:ping_status>
		<wp:post_name><![CDATA[zakra]]></wp:post_name>
		<wp:status><![CDATA[publish]]></wp:status>
		<wp:post_parent>0</wp:post_parent>
		<wp:menu_order>0</wp:menu_order>
		<wp:post_type><![CDATA[custom_css]]></wp:post_type>
		<wp:post_password><![CDATA[]]></wp:post_password>
		<wp:is_sticky>0</wp:is_sticky>
														</item>
					<item>
		<title><![CDATA[zakra]]></title>
		<link>https://zakrademos.com/zakra-2/</link>
		<pubDate>Thu, 16 Jul 2020 15:51:03 +0000</pubDate>
		<dc:creator><![CDATA[teamthemegrill]]></dc:creator>
		<guid isPermaLink="false">https://zakrademos.com/wp-content/uploads/2020/07/zakra.png</guid>
		<description></description>
		<content:encoded><![CDATA[]]></content:encoded>
		<excerpt:encoded><![CDATA[]]></excerpt:encoded>
		<wp:post_id>85</wp:post_id>
		<wp:post_date><![CDATA[2020-07-16 15:51:03]]></wp:post_date>
		<wp:post_date_gmt><![CDATA[2020-07-16 15:51:03]]></wp:post_date_gmt>
		<wp:post_modified><![CDATA[2020-07-16 15:51:03]]></wp:post_modified>
		<wp:post_modified_gmt><![CDATA[2020-07-16 15:51:03]]></wp:post_modified_gmt>
		<wp:comment_status><![CDATA[closed]]></wp:comment_status>
		<wp:ping_status><![CDATA[closed]]></wp:ping_status>
		<wp:post_name><![CDATA[zakra-2]]></wp:post_name>
		<wp:status><![CDATA[inherit]]></wp:status>
		<wp:post_parent>0</wp:post_parent>
		<wp:menu_order>0</wp:menu_order>
		<wp:post_type><![CDATA[attachment]]></wp:post_type>
		<wp:post_password><![CDATA[]]></wp:post_password>
		<wp:is_sticky>0</wp:is_sticky>
						<wp:attachment_url><![CDATA[https://zakrademos.com/wp-content/uploads/2020/07/zakra.png]]></wp:attachment_url>
											<wp:postmeta>
		<wp:meta_key><![CDATA[_wp_attached_file]]></wp:meta_key>
		<wp:meta_value><![CDATA[2020/07/zakra.png]]></wp:meta_value>
		</wp:postmeta>
							<wp:postmeta>
		<wp:meta_key><![CDATA[_wp_attachment_metadata]]></wp:meta_key>
		<wp:meta_value><![CDATA[a:5:{s:5:"width";i:32;s:6:"height";i:32;s:4:"file";s:17:"2020/07/zakra.png";s:5:"sizes";a:0:{}s:10:"image_meta";a:12:{s:8:"aperture";s:1:"0";s:6:"credit";s:0:"";s:6:"camera";s:0:"";s:7:"caption";s:0:"";s:17:"created_timestamp";s:1:"0";s:9:"copyright";s:0:"";s:12:"focal_length";s:1:"0";s:3:"iso";s:1:"0";s:13:"shutter_speed";s:1:"0";s:5:"title";s:0:"";s:11:"orientation";s:1:"0";s:8:"keywords";a:0:{}}}]]></wp:meta_value>
		</wp:postmeta>
							</item>
					<item>
		<title><![CDATA[Home]]></title>
		<link>https://zakrademos.com/?p=107</link>
		<pubDate></pubDate>
		<dc:creator><![CDATA[teamthemegrill]]></dc:creator>
		<guid isPermaLink="false">https://zakrademos.com/?p=107</guid>
		<description></description>
		<content:encoded><![CDATA[]]></content:encoded>
		<excerpt:encoded><![CDATA[]]></excerpt:encoded>
		<wp:post_id>107</wp:post_id>
		<wp:post_date><![CDATA[2020-11-16 02:51:06]]></wp:post_date>
		<wp:post_date_gmt><![CDATA[0000-00-00 00:00:00]]></wp:post_date_gmt>
		<wp:post_modified><![CDATA[2020-11-16 02:51:06]]></wp:post_modified>
		<wp:post_modified_gmt><![CDATA[0000-00-00 00:00:00]]></wp:post_modified_gmt>
		<wp:comment_status><![CDATA[closed]]></wp:comment_status>
		<wp:ping_status><![CDATA[closed]]></wp:ping_status>
		<wp:post_name><![CDATA[]]></wp:post_name>
		<wp:status><![CDATA[draft]]></wp:status>
		<wp:post_parent>0</wp:post_parent>
		<wp:menu_order>1</wp:menu_order>
		<wp:post_type><![CDATA[nav_menu_item]]></wp:post_type>
		<wp:post_password><![CDATA[]]></wp:post_password>
		<wp:is_sticky>0</wp:is_sticky>
														<wp:postmeta>
		<wp:meta_key><![CDATA[_menu_item_type]]></wp:meta_key>
		<wp:meta_value><![CDATA[custom]]></wp:meta_value>
		</wp:postmeta>
							<wp:postmeta>
		<wp:meta_key><![CDATA[_menu_item_menu_item_parent]]></wp:meta_key>
		<wp:meta_value><![CDATA[0]]></wp:meta_value>
		</wp:postmeta>
							<wp:postmeta>
		<wp:meta_key><![CDATA[_menu_item_object_id]]></wp:meta_key>
		<wp:meta_value><![CDATA[107]]></wp:meta_value>
		</wp:postmeta>
							<wp:postmeta>
		<wp:meta_key><![CDATA[_menu_item_object]]></wp:meta_key>
		<wp:meta_value><![CDATA[custom]]></wp:meta_value>
		</wp:postmeta>
							<wp:postmeta>
		<wp:meta_key><![CDATA[_menu_item_target]]></wp:meta_key>
		<wp:meta_value><![CDATA[]]></wp:meta_value>
		</wp:postmeta>
							<wp:postmeta>
		<wp:meta_key><![CDATA[_menu_item_classes]]></wp:meta_key>
		<wp:meta_value><![CDATA[a:1:{i:0;s:0:"";}]]></wp:meta_value>
		</wp:postmeta>
							<wp:postmeta>
		<wp:meta_key><![CDATA[_menu_item_xfn]]></wp:meta_key>
		<wp:meta_value><![CDATA[]]></wp:meta_value>
		</wp:postmeta>
							<wp:postmeta>
		<wp:meta_key><![CDATA[_menu_item_url]]></wp:meta_key>
		<wp:meta_value><![CDATA[https://zakrademos.com/]]></wp:meta_value>
		</wp:postmeta>
							<wp:postmeta>
		<wp:meta_key><![CDATA[_menu_item_orphaned]]></wp:meta_key>
		<wp:meta_value><![CDATA[1605495066]]></wp:meta_value>
		</wp:postmeta>
							</item>
					<item>
		<title><![CDATA[]]></title>
		<link>https://zakrademos.com/?p=108</link>
		<pubDate></pubDate>
		<dc:creator><![CDATA[teamthemegrill]]></dc:creator>
		<guid isPermaLink="false">https://zakrademos.com/?p=108</guid>
		<description></description>
		<content:encoded><![CDATA[ ]]></content:encoded>
		<excerpt:encoded><![CDATA[]]></excerpt:encoded>
		<wp:post_id>108</wp:post_id>
		<wp:post_date><![CDATA[2020-11-16 02:51:06]]></wp:post_date>
		<wp:post_date_gmt><![CDATA[0000-00-00 00:00:00]]></wp:post_date_gmt>
		<wp:post_modified><![CDATA[2020-11-16 02:51:06]]></wp:post_modified>
		<wp:post_modified_gmt><![CDATA[0000-00-00 00:00:00]]></wp:post_modified_gmt>
		<wp:comment_status><![CDATA[closed]]></wp:comment_status>
		<wp:ping_status><![CDATA[closed]]></wp:ping_status>
		<wp:post_name><![CDATA[]]></wp:post_name>
		<wp:status><![CDATA[draft]]></wp:status>
		<wp:post_parent>0</wp:post_parent>
		<wp:menu_order>1</wp:menu_order>
		<wp:post_type><![CDATA[nav_menu_item]]></wp:post_type>
		<wp:post_password><![CDATA[]]></wp:post_password>
		<wp:is_sticky>0</wp:is_sticky>
														<wp:postmeta>
		<wp:meta_key><![CDATA[_menu_item_type]]></wp:meta_key>
		<wp:meta_value><![CDATA[post_type]]></wp:meta_value>
		</wp:postmeta>
							<wp:postmeta>
		<wp:meta_key><![CDATA[_menu_item_menu_item_parent]]></wp:meta_key>
		<wp:meta_value><![CDATA[0]]></wp:meta_value>
		</wp:postmeta>
							<wp:postmeta>
		<wp:meta_key><![CDATA[_menu_item_object_id]]></wp:meta_key>
		<wp:meta_value><![CDATA[2]]></wp:meta_value>
		</wp:postmeta>
							<wp:postmeta>
		<wp:meta_key><![CDATA[_menu_item_object]]></wp:meta_key>
		<wp:meta_value><![CDATA[page]]></wp:meta_value>
		</wp:postmeta>
							<wp:postmeta>
		<wp:meta_key><![CDATA[_menu_item_target]]></wp:meta_key>
		<wp:meta_value><![CDATA[]]></wp:meta_value>
		</wp:postmeta>
							<wp:postmeta>
		<wp:meta_key><![CDATA[_menu_item_classes]]></wp:meta_key>
		<wp:meta_value><![CDATA[a:1:{i:0;s:0:"";}]]></wp:meta_value>
		</wp:postmeta>
							<wp:postmeta>
		<wp:meta_key><![CDATA[_menu_item_xfn]]></wp:meta_key>
		<wp:meta_value><![CDATA[]]></wp:meta_value>
		</wp:postmeta>
							<wp:postmeta>
		<wp:meta_key><![CDATA[_menu_item_url]]></wp:meta_key>
		<wp:meta_value><![CDATA[]]></wp:meta_value>
		</wp:postmeta>
							<wp:postmeta>
		<wp:meta_key><![CDATA[_menu_item_orphaned]]></wp:meta_key>
		<wp:meta_value><![CDATA[1605495066]]></wp:meta_value>
		</wp:postmeta>
							</item>
					<item>
		<title><![CDATA[Default Kit]]></title>
		<link>https://zakrademos.com/?elementor_library=default-kit</link>
		<pubDate>Mon, 16 Nov 2020 03:17:27 +0000</pubDate>
		<dc:creator><![CDATA[]]></dc:creator>
		<guid isPermaLink="false">https://zakrademos.com/?elementor_library=default-kit</guid>
		<description></description>
		<content:encoded><![CDATA[]]></content:encoded>
		<excerpt:encoded><![CDATA[]]></excerpt:encoded>
		<wp:post_id>109</wp:post_id>
		<wp:post_date><![CDATA[2020-11-16 03:17:27]]></wp:post_date>
		<wp:post_date_gmt><![CDATA[2020-11-16 03:17:27]]></wp:post_date_gmt>
		<wp:post_modified><![CDATA[2020-11-16 03:17:27]]></wp:post_modified>
		<wp:post_modified_gmt><![CDATA[2020-11-16 03:17:27]]></wp:post_modified_gmt>
		<wp:comment_status><![CDATA[closed]]></wp:comment_status>
		<wp:ping_status><![CDATA[closed]]></wp:ping_status>
		<wp:post_name><![CDATA[default-kit]]></wp:post_name>
		<wp:status><![CDATA[publish]]></wp:status>
		<wp:post_parent>0</wp:post_parent>
		<wp:menu_order>0</wp:menu_order>
		<wp:post_type><![CDATA[elementor_library]]></wp:post_type>
		<wp:post_password><![CDATA[]]></wp:post_password>
		<wp:is_sticky>0</wp:is_sticky>
														<wp:postmeta>
		<wp:meta_key><![CDATA[_elementor_edit_mode]]></wp:meta_key>
		<wp:meta_value><![CDATA[builder]]></wp:meta_value>
		</wp:postmeta>
							<wp:postmeta>
		<wp:meta_key><![CDATA[_elementor_template_type]]></wp:meta_key>
		<wp:meta_value><![CDATA[kit]]></wp:meta_value>
		</wp:postmeta>
							</item>
					<item>
		<title><![CDATA[Courses]]></title>
		<link>https://zakrademos.com/courses/</link>
		<pubDate>Wed, 12 Jan 2022 05:50:34 +0000</pubDate>
		<dc:creator><![CDATA[rabinstha.me@gmail.com]]></dc:creator>
		<guid isPermaLink="false">https://zakrademos.com/courses/</guid>
		<description></description>
		<content:encoded><![CDATA[]]></content:encoded>
		<excerpt:encoded><![CDATA[]]></excerpt:encoded>
		<wp:post_id>205</wp:post_id>
		<wp:post_date><![CDATA[2022-01-12 05:50:34]]></wp:post_date>
		<wp:post_date_gmt><![CDATA[2022-01-12 05:50:34]]></wp:post_date_gmt>
		<wp:post_modified><![CDATA[2022-01-12 05:50:34]]></wp:post_modified>
		<wp:post_modified_gmt><![CDATA[2022-01-12 05:50:34]]></wp:post_modified_gmt>
		<wp:comment_status><![CDATA[closed]]></wp:comment_status>
		<wp:ping_status><![CDATA[closed]]></wp:ping_status>
		<wp:post_name><![CDATA[courses]]></wp:post_name>
		<wp:status><![CDATA[publish]]></wp:status>
		<wp:post_parent>0</wp:post_parent>
		<wp:menu_order>0</wp:menu_order>
		<wp:post_type><![CDATA[page]]></wp:post_type>
		<wp:post_password><![CDATA[]]></wp:post_password>
		<wp:is_sticky>0</wp:is_sticky>
														<wp:postmeta>
		<wp:meta_key><![CDATA[rank_math_analytic_object_id]]></wp:meta_key>
		<wp:meta_value><![CDATA[9]]></wp:meta_value>
		</wp:postmeta>
							<wp:postmeta>
		<wp:meta_key><![CDATA[rank_math_internal_links_processed]]></wp:meta_key>
		<wp:meta_value><![CDATA[1]]></wp:meta_value>
		</wp:postmeta>
							</item>
					<item>
		<title><![CDATA[Account]]></title>
		<link>https://zakrademos.com/account/</link>
		<pubDate>Wed, 12 Jan 2022 05:50:34 +0000</pubDate>
		<dc:creator><![CDATA[rabinstha.me@gmail.com]]></dc:creator>
		<guid isPermaLink="false">https://zakrademos.com/account/</guid>
		<description></description>
		<content:encoded><![CDATA[<!-- wp:shortcode -->[masteriyo_account]<!-- /wp:shortcode -->]]></content:encoded>
		<excerpt:encoded><![CDATA[]]></excerpt:encoded>
		<wp:post_id>206</wp:post_id>
		<wp:post_date><![CDATA[2022-01-12 05:50:34]]></wp:post_date>
		<wp:post_date_gmt><![CDATA[2022-01-12 05:50:34]]></wp:post_date_gmt>
		<wp:post_modified><![CDATA[2022-01-12 05:50:34]]></wp:post_modified>
		<wp:post_modified_gmt><![CDATA[2022-01-12 05:50:34]]></wp:post_modified_gmt>
		<wp:comment_status><![CDATA[closed]]></wp:comment_status>
		<wp:ping_status><![CDATA[closed]]></wp:ping_status>
		<wp:post_name><![CDATA[account]]></wp:post_name>
		<wp:status><![CDATA[publish]]></wp:status>
		<wp:post_parent>0</wp:post_parent>
		<wp:menu_order>0</wp:menu_order>
		<wp:post_type><![CDATA[page]]></wp:post_type>
		<wp:post_password><![CDATA[]]></wp:post_password>
		<wp:is_sticky>0</wp:is_sticky>
														<wp:postmeta>
		<wp:meta_key><![CDATA[rank_math_analytic_object_id]]></wp:meta_key>
		<wp:meta_value><![CDATA[8]]></wp:meta_value>
		</wp:postmeta>
							<wp:postmeta>
		<wp:meta_key><![CDATA[rank_math_internal_links_processed]]></wp:meta_key>
		<wp:meta_value><![CDATA[1]]></wp:meta_value>
		</wp:postmeta>
							</item>
					<item>
		<title><![CDATA[Checkout]]></title>
		<link>https://zakrademos.com/checkout/</link>
		<pubDate>Wed, 12 Jan 2022 05:50:34 +0000</pubDate>
		<dc:creator><![CDATA[rabinstha.me@gmail.com]]></dc:creator>
		<guid isPermaLink="false">https://zakrademos.com/checkout/</guid>
		<description></description>
		<content:encoded><![CDATA[<!-- wp:shortcode -->[masteriyo_checkout]<!-- /wp:shortcode -->]]></content:encoded>
		<excerpt:encoded><![CDATA[]]></excerpt:encoded>
		<wp:post_id>207</wp:post_id>
		<wp:post_date><![CDATA[2022-01-12 05:50:34]]></wp:post_date>
		<wp:post_date_gmt><![CDATA[2022-01-12 05:50:34]]></wp:post_date_gmt>
		<wp:post_modified><![CDATA[2022-01-12 05:50:34]]></wp:post_modified>
		<wp:post_modified_gmt><![CDATA[2022-01-12 05:50:34]]></wp:post_modified_gmt>
		<wp:comment_status><![CDATA[closed]]></wp:comment_status>
		<wp:ping_status><![CDATA[closed]]></wp:ping_status>
		<wp:post_name><![CDATA[checkout]]></wp:post_name>
		<wp:status><![CDATA[publish]]></wp:status>
		<wp:post_parent>0</wp:post_parent>
		<wp:menu_order>0</wp:menu_order>
		<wp:post_type><![CDATA[page]]></wp:post_type>
		<wp:post_password><![CDATA[]]></wp:post_password>
		<wp:is_sticky>0</wp:is_sticky>
														<wp:postmeta>
		<wp:meta_key><![CDATA[rank_math_analytic_object_id]]></wp:meta_key>
		<wp:meta_value><![CDATA[7]]></wp:meta_value>
		</wp:postmeta>
							<wp:postmeta>
		<wp:meta_key><![CDATA[rank_math_internal_links_processed]]></wp:meta_key>
		<wp:meta_value><![CDATA[1]]></wp:meta_value>
		</wp:postmeta>
							</item>
					<item>
		<title><![CDATA[Learn]]></title>
		<link>https://zakrademos.com/learn/</link>
		<pubDate>Wed, 12 Jan 2022 05:50:34 +0000</pubDate>
		<dc:creator><![CDATA[rabinstha.me@gmail.com]]></dc:creator>
		<guid isPermaLink="false">https://zakrademos.com/learn/</guid>
		<description></description>
		<content:encoded><![CDATA[]]></content:encoded>
		<excerpt:encoded><![CDATA[]]></excerpt:encoded>
		<wp:post_id>208</wp:post_id>
		<wp:post_date><![CDATA[2022-01-12 05:50:34]]></wp:post_date>
		<wp:post_date_gmt><![CDATA[2022-01-12 05:50:34]]></wp:post_date_gmt>
		<wp:post_modified><![CDATA[2022-01-12 05:50:34]]></wp:post_modified>
		<wp:post_modified_gmt><![CDATA[2022-01-12 05:50:34]]></wp:post_modified_gmt>
		<wp:comment_status><![CDATA[closed]]></wp:comment_status>
		<wp:ping_status><![CDATA[closed]]></wp:ping_status>
		<wp:post_name><![CDATA[learn]]></wp:post_name>
		<wp:status><![CDATA[publish]]></wp:status>
		<wp:post_parent>0</wp:post_parent>
		<wp:menu_order>0</wp:menu_order>
		<wp:post_type><![CDATA[page]]></wp:post_type>
		<wp:post_password><![CDATA[]]></wp:post_password>
		<wp:is_sticky>0</wp:is_sticky>
														<wp:postmeta>
		<wp:meta_key><![CDATA[rank_math_analytic_object_id]]></wp:meta_key>
		<wp:meta_value><![CDATA[6]]></wp:meta_value>
		</wp:postmeta>
							<wp:postmeta>
		<wp:meta_key><![CDATA[rank_math_internal_links_processed]]></wp:meta_key>
		<wp:meta_value><![CDATA[1]]></wp:meta_value>
		</wp:postmeta>
							</item>
					<item>
		<title><![CDATA[Instructor Registration]]></title>
		<link>https://zakrademos.com/instructor-registration/</link>
		<pubDate>Wed, 12 Jan 2022 05:50:34 +0000</pubDate>
		<dc:creator><![CDATA[rabinstha.me@gmail.com]]></dc:creator>
		<guid isPermaLink="false">https://zakrademos.com/instructor-registration/</guid>
		<description></description>
		<content:encoded><![CDATA[<!-- wp:shortcode -->[masteriyo_instructor_registration]<!-- /wp:shortcode -->]]></content:encoded>
		<excerpt:encoded><![CDATA[]]></excerpt:encoded>
		<wp:post_id>209</wp:post_id>
		<wp:post_date><![CDATA[2022-01-12 05:50:34]]></wp:post_date>
		<wp:post_date_gmt><![CDATA[2022-01-12 05:50:34]]></wp:post_date_gmt>
		<wp:post_modified><![CDATA[2022-01-12 05:50:34]]></wp:post_modified>
		<wp:post_modified_gmt><![CDATA[2022-01-12 05:50:34]]></wp:post_modified_gmt>
		<wp:comment_status><![CDATA[closed]]></wp:comment_status>
		<wp:ping_status><![CDATA[closed]]></wp:ping_status>
		<wp:post_name><![CDATA[instructor-registration]]></wp:post_name>
		<wp:status><![CDATA[publish]]></wp:status>
		<wp:post_parent>0</wp:post_parent>
		<wp:menu_order>0</wp:menu_order>
		<wp:post_type><![CDATA[page]]></wp:post_type>
		<wp:post_password><![CDATA[]]></wp:post_password>
		<wp:is_sticky>0</wp:is_sticky>
														<wp:postmeta>
		<wp:meta_key><![CDATA[rank_math_analytic_object_id]]></wp:meta_key>
		<wp:meta_value><![CDATA[5]]></wp:meta_value>
		</wp:postmeta>
							<wp:postmeta>
		<wp:meta_key><![CDATA[rank_math_internal_links_processed]]></wp:meta_key>
		<wp:meta_value><![CDATA[1]]></wp:meta_value>
		</wp:postmeta>
							</item>
					<item>
		<title><![CDATA[placeholder]]></title>
		<link>https://zakrademos.com/placeholder/</link>
		<pubDate>Wed, 12 Jan 2022 05:50:34 +0000</pubDate>
		<dc:creator><![CDATA[teamthemegrill]]></dc:creator>
		<guid isPermaLink="false">https://zakrademos.com/placeholder/</guid>
		<description></description>
		<content:encoded><![CDATA[]]></content:encoded>
		<excerpt:encoded><![CDATA[]]></excerpt:encoded>
		<wp:post_id>210</wp:post_id>
		<wp:post_date><![CDATA[2022-01-12 05:50:34]]></wp:post_date>
		<wp:post_date_gmt><![CDATA[2022-01-12 05:50:34]]></wp:post_date_gmt>
		<wp:post_modified><![CDATA[2022-01-12 05:50:34]]></wp:post_modified>
		<wp:post_modified_gmt><![CDATA[2022-01-12 05:50:34]]></wp:post_modified_gmt>
		<wp:comment_status><![CDATA[closed]]></wp:comment_status>
		<wp:ping_status><![CDATA[closed]]></wp:ping_status>
		<wp:post_name><![CDATA[placeholder]]></wp:post_name>
		<wp:status><![CDATA[inherit]]></wp:status>
		<wp:post_parent>0</wp:post_parent>
		<wp:menu_order>0</wp:menu_order>
		<wp:post_type><![CDATA[attachment]]></wp:post_type>
		<wp:post_password><![CDATA[]]></wp:post_password>
		<wp:is_sticky>0</wp:is_sticky>
						<wp:attachment_url><![CDATA[https://zakrademos.com/wp-content/uploads/masteriyo/placeholder.jpg]]></wp:attachment_url>
											<wp:postmeta>
		<wp:meta_key><![CDATA[_wp_attached_file]]></wp:meta_key>
		<wp:meta_value><![CDATA[masteriyo/placeholder.jpg]]></wp:meta_value>
		</wp:postmeta>
							<wp:postmeta>
		<wp:meta_key><![CDATA[_wp_attachment_metadata]]></wp:meta_key>
		<wp:meta_value><![CDATA[a:5:{s:5:"width";i:792;s:6:"height";i:494;s:4:"file";s:25:"masteriyo/placeholder.jpg";s:5:"sizes";a:3:{s:6:"medium";a:4:{s:4:"file";s:23:"placeholder-300x187.jpg";s:5:"width";i:300;s:6:"height";i:187;s:9:"mime-type";s:10:"image/jpeg";}s:9:"thumbnail";a:4:{s:4:"file";s:23:"placeholder-150x150.jpg";s:5:"width";i:150;s:6:"height";i:150;s:9:"mime-type";s:10:"image/jpeg";}s:12:"medium_large";a:4:{s:4:"file";s:23:"placeholder-768x479.jpg";s:5:"width";i:768;s:6:"height";i:479;s:9:"mime-type";s:10:"image/jpeg";}}s:10:"image_meta";a:12:{s:8:"aperture";s:1:"0";s:6:"credit";s:0:"";s:6:"camera";s:0:"";s:7:"caption";s:0:"";s:17:"created_timestamp";s:1:"0";s:9:"copyright";s:0:"";s:12:"focal_length";s:1:"0";s:3:"iso";s:1:"0";s:13:"shutter_speed";s:1:"0";s:5:"title";s:0:"";s:11:"orientation";s:1:"0";s:8:"keywords";a:0:{}}}]]></wp:meta_value>
		</wp:postmeta>
							</item>
					<item>
		<title><![CDATA[woocommerce-placeholder]]></title>
		<link>https://zakrademos.com/woocommerce-placeholder/</link>
		<pubDate>Thu, 11 Aug 2022 08:25:55 +0000</pubDate>
		<dc:creator><![CDATA[teamthemegrill]]></dc:creator>
		<guid isPermaLink="false">https://zakrademos.com/wp-content/uploads/2022/08/woocommerce-placeholder.png</guid>
		<description></description>
		<content:encoded><![CDATA[]]></content:encoded>
		<excerpt:encoded><![CDATA[]]></excerpt:encoded>
		<wp:post_id>243</wp:post_id>
		<wp:post_date><![CDATA[2022-08-11 08:25:55]]></wp:post_date>
		<wp:post_date_gmt><![CDATA[2022-08-11 08:25:55]]></wp:post_date_gmt>
		<wp:post_modified><![CDATA[2022-08-11 08:25:55]]></wp:post_modified>
		<wp:post_modified_gmt><![CDATA[2022-08-11 08:25:55]]></wp:post_modified_gmt>
		<wp:comment_status><![CDATA[closed]]></wp:comment_status>
		<wp:ping_status><![CDATA[closed]]></wp:ping_status>
		<wp:post_name><![CDATA[woocommerce-placeholder]]></wp:post_name>
		<wp:status><![CDATA[inherit]]></wp:status>
		<wp:post_parent>0</wp:post_parent>
		<wp:menu_order>0</wp:menu_order>
		<wp:post_type><![CDATA[attachment]]></wp:post_type>
		<wp:post_password><![CDATA[]]></wp:post_password>
		<wp:is_sticky>0</wp:is_sticky>
						<wp:attachment_url><![CDATA[https://zakrademos.com/wp-content/uploads/woocommerce-placeholder.png]]></wp:attachment_url>
											<wp:postmeta>
		<wp:meta_key><![CDATA[_wp_attached_file]]></wp:meta_key>
		<wp:meta_value><![CDATA[woocommerce-placeholder.png]]></wp:meta_value>
		</wp:postmeta>
							<wp:postmeta>
		<wp:meta_key><![CDATA[_wp_attachment_metadata]]></wp:meta_key>
		<wp:meta_value><![CDATA[a:6:{s:5:"width";i:1200;s:6:"height";i:1200;s:4:"file";s:27:"woocommerce-placeholder.png";s:8:"filesize";i:102644;s:5:"sizes";a:9:{s:6:"medium";a:5:{s:4:"file";s:35:"woocommerce-placeholder-300x300.png";s:5:"width";i:300;s:6:"height";i:300;s:9:"mime-type";s:9:"image/png";s:8:"filesize";i:10547;}s:5:"large";a:5:{s:4:"file";s:37:"woocommerce-placeholder-1024x1024.png";s:5:"width";i:1024;s:6:"height";i:1024;s:9:"mime-type";s:9:"image/png";s:8:"filesize";i:84286;}s:9:"thumbnail";a:5:{s:4:"file";s:35:"woocommerce-placeholder-150x150.png";s:5:"width";i:150;s:6:"height";i:150;s:9:"mime-type";s:9:"image/png";s:8:"filesize";i:3767;}s:12:"medium_large";a:5:{s:4:"file";s:35:"woocommerce-placeholder-768x768.png";s:5:"width";i:768;s:6:"height";i:768;s:9:"mime-type";s:9:"image/png";s:8:"filesize";i:49609;}s:16:"masteriyo_single";a:5:{s:4:"file";s:36:"woocommerce-placeholder-1200x992.png";s:5:"width";i:1200;s:6:"height";i:992;s:9:"mime-type";s:9:"image/png";s:8:"filesize";i:116681;}s:19:"masteriyo_thumbnail";a:5:{s:4:"file";s:35:"woocommerce-placeholder-540x340.png";s:5:"width";i:540;s:6:"height";i:340;s:9:"mime-type";s:9:"image/png";s:8:"filesize";i:25930;}s:16:"masteriyo_medium";a:5:{s:4:"file";s:35:"woocommerce-placeholder-360x224.png";s:5:"width";i:360;s:6:"height";i:224;s:9:"mime-type";s:9:"image/png";s:8:"filesize";i:13423;}s:20:"zakra-thumb-size-one";a:5:{s:4:"file";s:35:"woocommerce-placeholder-800x600.png";s:5:"width";i:800;s:6:"height";i:600;s:9:"mime-type";s:9:"image/png";s:8:"filesize";i:51957;}s:20:"zakra-thumb-size-two";a:5:{s:4:"file";s:35:"woocommerce-placeholder-600x600.png";s:5:"width";i:600;s:6:"height";i:600;s:9:"mime-type";s:9:"image/png";s:8:"filesize";i:31929;}}s:10:"image_meta";a:12:{s:8:"aperture";s:1:"0";s:6:"credit";s:0:"";s:6:"camera";s:0:"";s:7:"caption";s:0:"";s:17:"created_timestamp";s:1:"0";s:9:"copyright";s:0:"";s:12:"focal_length";s:1:"0";s:3:"iso";s:1:"0";s:13:"shutter_speed";s:1:"0";s:5:"title";s:0:"";s:11:"orientation";s:1:"0";s:8:"keywords";a:0:{}}}]]></wp:meta_value>
		</wp:postmeta>
							</item>
					<item>
		<title><![CDATA[Shop]]></title>
		<link>https://zakrademos.com/shop7/</link>
		<pubDate>Thu, 11 Aug 2022 08:25:57 +0000</pubDate>
		<dc:creator><![CDATA[rabinstha.me@gmail.com]]></dc:creator>
		<guid isPermaLink="false">https://zakrademos.com/shop7/</guid>
		<description></description>
		<content:encoded><![CDATA[]]></content:encoded>
		<excerpt:encoded><![CDATA[]]></excerpt:encoded>
		<wp:post_id>244</wp:post_id>
		<wp:post_date><![CDATA[2022-08-11 08:25:57]]></wp:post_date>
		<wp:post_date_gmt><![CDATA[2022-08-11 08:25:57]]></wp:post_date_gmt>
		<wp:post_modified><![CDATA[2022-08-11 08:25:57]]></wp:post_modified>
		<wp:post_modified_gmt><![CDATA[2022-08-11 08:25:57]]></wp:post_modified_gmt>
		<wp:comment_status><![CDATA[closed]]></wp:comment_status>
		<wp:ping_status><![CDATA[closed]]></wp:ping_status>
		<wp:post_name><![CDATA[shop7]]></wp:post_name>
		<wp:status><![CDATA[publish]]></wp:status>
		<wp:post_parent>0</wp:post_parent>
		<wp:menu_order>0</wp:menu_order>
		<wp:post_type><![CDATA[page]]></wp:post_type>
		<wp:post_password><![CDATA[]]></wp:post_password>
		<wp:is_sticky>0</wp:is_sticky>
														<wp:postmeta>
		<wp:meta_key><![CDATA[rank_math_analytic_object_id]]></wp:meta_key>
		<wp:meta_value><![CDATA[4]]></wp:meta_value>
		</wp:postmeta>
							<wp:postmeta>
		<wp:meta_key><![CDATA[rank_math_internal_links_processed]]></wp:meta_key>
		<wp:meta_value><![CDATA[1]]></wp:meta_value>
		</wp:postmeta>
							</item>
					<item>
		<title><![CDATA[Cart]]></title>
		<link>https://zakrademos.com/cart/</link>
		<pubDate>Thu, 11 Aug 2022 08:25:57 +0000</pubDate>
		<dc:creator><![CDATA[rabinstha.me@gmail.com]]></dc:creator>
		<guid isPermaLink="false">https://zakrademos.com/cart/</guid>
		<description></description>
		<content:encoded><![CDATA[<!-- wp:shortcode -->[woocommerce_cart]<!-- /wp:shortcode -->]]></content:encoded>
		<excerpt:encoded><![CDATA[]]></excerpt:encoded>
		<wp:post_id>245</wp:post_id>
		<wp:post_date><![CDATA[2022-08-11 08:25:57]]></wp:post_date>
		<wp:post_date_gmt><![CDATA[2022-08-11 08:25:57]]></wp:post_date_gmt>
		<wp:post_modified><![CDATA[2022-08-11 08:25:57]]></wp:post_modified>
		<wp:post_modified_gmt><![CDATA[2022-08-11 08:25:57]]></wp:post_modified_gmt>
		<wp:comment_status><![CDATA[closed]]></wp:comment_status>
		<wp:ping_status><![CDATA[closed]]></wp:ping_status>
		<wp:post_name><![CDATA[cart]]></wp:post_name>
		<wp:status><![CDATA[publish]]></wp:status>
		<wp:post_parent>0</wp:post_parent>
		<wp:menu_order>0</wp:menu_order>
		<wp:post_type><![CDATA[page]]></wp:post_type>
		<wp:post_password><![CDATA[]]></wp:post_password>
		<wp:is_sticky>0</wp:is_sticky>
														<wp:postmeta>
		<wp:meta_key><![CDATA[rank_math_analytic_object_id]]></wp:meta_key>
		<wp:meta_value><![CDATA[3]]></wp:meta_value>
		</wp:postmeta>
							<wp:postmeta>
		<wp:meta_key><![CDATA[rank_math_internal_links_processed]]></wp:meta_key>
		<wp:meta_value><![CDATA[1]]></wp:meta_value>
		</wp:postmeta>
							</item>
					<item>
		<title><![CDATA[Checkout]]></title>
		<link>https://zakrademos.com/checkout-2/</link>
		<pubDate>Thu, 11 Aug 2022 08:25:57 +0000</pubDate>
		<dc:creator><![CDATA[rabinstha.me@gmail.com]]></dc:creator>
		<guid isPermaLink="false">https://zakrademos.com/checkout-2/</guid>
		<description></description>
		<content:encoded><![CDATA[<!-- wp:shortcode -->[woocommerce_checkout]<!-- /wp:shortcode -->]]></content:encoded>
		<excerpt:encoded><![CDATA[]]></excerpt:encoded>
		<wp:post_id>246</wp:post_id>
		<wp:post_date><![CDATA[2022-08-11 08:25:57]]></wp:post_date>
		<wp:post_date_gmt><![CDATA[2022-08-11 08:25:57]]></wp:post_date_gmt>
		<wp:post_modified><![CDATA[2022-08-11 08:25:57]]></wp:post_modified>
		<wp:post_modified_gmt><![CDATA[2022-08-11 08:25:57]]></wp:post_modified_gmt>
		<wp:comment_status><![CDATA[closed]]></wp:comment_status>
		<wp:ping_status><![CDATA[closed]]></wp:ping_status>
		<wp:post_name><![CDATA[checkout-2]]></wp:post_name>
		<wp:status><![CDATA[publish]]></wp:status>
		<wp:post_parent>0</wp:post_parent>
		<wp:menu_order>0</wp:menu_order>
		<wp:post_type><![CDATA[page]]></wp:post_type>
		<wp:post_password><![CDATA[]]></wp:post_password>
		<wp:is_sticky>0</wp:is_sticky>
														<wp:postmeta>
		<wp:meta_key><![CDATA[rank_math_analytic_object_id]]></wp:meta_key>
		<wp:meta_value><![CDATA[2]]></wp:meta_value>
		</wp:postmeta>
							<wp:postmeta>
		<wp:meta_key><![CDATA[rank_math_internal_links_processed]]></wp:meta_key>
		<wp:meta_value><![CDATA[1]]></wp:meta_value>
		</wp:postmeta>
							</item>
					<item>
		<title><![CDATA[Refund and Returns Policy]]></title>
		<link>https://zakrademos.com/?page_id=248</link>
		<pubDate></pubDate>
		<dc:creator><![CDATA[rabinstha.me@gmail.com]]></dc:creator>
		<guid isPermaLink="false">https://zakrademos.com/?page_id=248</guid>
		<description></description>
		<content:encoded><![CDATA[<!-- wp:paragraph -->
<p><b>This is a sample page.</b></p>
<!-- /wp:paragraph -->

<!-- wp:paragraph -->
<h3>Overview</h3>
<!-- /wp:paragraph -->

<!-- wp:paragraph -->
<p>Our refund and returns policy lasts 30 days. If 30 days have passed since your purchase, we can’t offer you a full refund or exchange.</p>
<!-- /wp:paragraph -->

<!-- wp:paragraph -->
<p>To be eligible for a return, your item must be unused and in the same condition that you received it. It must also be in the original packaging.</p>
<!-- /wp:paragraph -->

<!-- wp:paragraph -->
<p>Several types of goods are exempt from being returned. Perishable goods such as food, flowers, newspapers or magazines cannot be returned. We also do not accept products that are intimate or sanitary goods, hazardous materials, or flammable liquids or gases.</p>
<!-- /wp:paragraph -->

<!-- wp:paragraph -->
<p>Additional non-returnable items:</p>
<!-- /wp:paragraph -->

<!-- wp:list -->
<ul>
<li>Gift cards</li>
<li>Downloadable software products</li>
<li>Some health and personal care items</li>
</ul>
<!-- /wp:list -->

<!-- wp:paragraph -->
<p>To complete your return, we require a receipt or proof of purchase.</p>
<!-- /wp:paragraph -->

<!-- wp:paragraph -->
<p>Please do not send your purchase back to the manufacturer.</p>
<!-- /wp:paragraph -->

<!-- wp:paragraph -->
<p>There are certain situations where only partial refunds are granted:</p>
<!-- /wp:paragraph -->

<!-- wp:list -->
<ul>
<li>Book with obvious signs of use</li>
<li>CD, DVD, VHS tape, software, video game, cassette tape, or vinyl record that has been opened.</li>
<li>Any item not in its original condition, is damaged or missing parts for reasons not due to our error.</li>
<li>Any item that is returned more than 30 days after delivery</li>
</ul>
<!-- /wp:list -->

<!-- wp:paragraph -->
<h2>Refunds</h2>
<!-- /wp:paragraph -->

<!-- wp:paragraph -->
<p>Once your return is received and inspected, we will send you an email to notify you that we have received your returned item. We will also notify you of the approval or rejection of your refund.</p>
<!-- /wp:paragraph -->

<!-- wp:paragraph -->
<p>If you are approved, then your refund will be processed, and a credit will automatically be applied to your credit card or original method of payment, within a certain amount of days.</p>
<!-- /wp:paragraph -->

<!-- wp:paragraph -->
<b>Late or missing refunds</b>
<!-- /wp:paragraph -->

<!-- wp:paragraph -->
<p>If you haven’t received a refund yet, first check your bank account again.</p>
<!-- /wp:paragraph -->

<!-- wp:paragraph -->
<p>Then contact your credit card company, it may take some time before your refund is officially posted.</p>
<!-- /wp:paragraph -->

<!-- wp:paragraph -->
<p>Next contact your bank. There is often some processing time before a refund is posted.</p>
<!-- /wp:paragraph -->

<!-- wp:paragraph -->
<p>If you’ve done all of this and you still have not received your refund yet, please contact us at {email address}.</p>
<!-- /wp:paragraph -->

<!-- wp:paragraph -->
<b>Sale items</b>
<!-- /wp:paragraph -->

<!-- wp:paragraph -->
<p>Only regular priced items may be refunded. Sale items cannot be refunded.</p>
<!-- /wp:paragraph -->

<!-- wp:paragraph -->
<h2>Exchanges</h2>
<!-- /wp:paragraph -->

<!-- wp:paragraph -->
<p>We only replace items if they are defective or damaged. If you need to exchange it for the same item, send us an email at {email address} and send your item to: {physical address}.</p>
<!-- /wp:paragraph -->

<!-- wp:paragraph -->
<h2>Gifts</h2>
<!-- /wp:paragraph -->

<!-- wp:paragraph -->
<p>If the item was marked as a gift when purchased and shipped directly to you, you’ll receive a gift credit for the value of your return. Once the returned item is received, a gift certificate will be mailed to you.</p>
<!-- /wp:paragraph -->

<!-- wp:paragraph -->
<p>If the item wasn’t marked as a gift when purchased, or the gift giver had the order shipped to themselves to give to you later, we will send a refund to the gift giver and they will find out about your return.</p>
<!-- /wp:paragraph -->

<!-- wp:paragraph -->
<h2>Shipping returns</h2>
<!-- /wp:paragraph -->

<!-- wp:paragraph -->
<p>To return your product, you should mail your product to: {physical address}.</p>
<!-- /wp:paragraph -->

<!-- wp:paragraph -->
<p>You will be responsible for paying for your own shipping costs for returning your item. Shipping costs are non-refundable. If you receive a refund, the cost of return shipping will be deducted from your refund.</p>
<!-- /wp:paragraph -->

<!-- wp:paragraph -->
<p>Depending on where you live, the time it may take for your exchanged product to reach you may vary.</p>
<!-- /wp:paragraph -->

<!-- wp:paragraph -->
<p>If you are returning more expensive items, you may consider using a trackable shipping service or purchasing shipping insurance. We don’t guarantee that we will receive your returned item.</p>
<!-- /wp:paragraph -->

<!-- wp:paragraph -->
<h2>Need help?</h2>
<!-- /wp:paragraph -->

<!-- wp:paragraph -->
<p>Contact us at {email} for questions related to refunds and returns.</p>
<!-- /wp:paragraph -->]]></content:encoded>
		<excerpt:encoded><![CDATA[]]></excerpt:encoded>
		<wp:post_id>248</wp:post_id>
		<wp:post_date><![CDATA[2022-08-11 08:25:57]]></wp:post_date>
		<wp:post_date_gmt><![CDATA[0000-00-00 00:00:00]]></wp:post_date_gmt>
		<wp:post_modified><![CDATA[2022-08-11 08:25:57]]></wp:post_modified>
		<wp:post_modified_gmt><![CDATA[0000-00-00 00:00:00]]></wp:post_modified_gmt>
		<wp:comment_status><![CDATA[closed]]></wp:comment_status>
		<wp:ping_status><![CDATA[closed]]></wp:ping_status>
		<wp:post_name><![CDATA[refund_returns]]></wp:post_name>
		<wp:status><![CDATA[draft]]></wp:status>
		<wp:post_parent>0</wp:post_parent>
		<wp:menu_order>0</wp:menu_order>
		<wp:post_type><![CDATA[page]]></wp:post_type>
		<wp:post_password><![CDATA[]]></wp:post_password>
		<wp:is_sticky>0</wp:is_sticky>
														</item>
					<item>
		<title><![CDATA[zakra.zip]]></title>
		<link>https://zakrademos.com/zakra-zip/</link>
		<pubDate>Tue, 06 Sep 2022 03:24:34 +0000</pubDate>
		<dc:creator><![CDATA[teamthemegrill]]></dc:creator>
		<guid isPermaLink="false">https://zakrademos.com/wp-content/uploads/2022/09/zakra.zip</guid>
		<description></description>
		<content:encoded><![CDATA[https://zakrademos.com/wp-content/uploads/2022/09/zakra.zip]]></content:encoded>
		<excerpt:encoded><![CDATA[]]></excerpt:encoded>
		<wp:post_id>257</wp:post_id>
		<wp:post_date><![CDATA[2022-09-06 03:24:34]]></wp:post_date>
		<wp:post_date_gmt><![CDATA[2022-09-06 03:24:34]]></wp:post_date_gmt>
		<wp:post_modified><![CDATA[2022-09-06 03:24:34]]></wp:post_modified>
		<wp:post_modified_gmt><![CDATA[2022-09-06 03:24:34]]></wp:post_modified_gmt>
		<wp:comment_status><![CDATA[closed]]></wp:comment_status>
		<wp:ping_status><![CDATA[closed]]></wp:ping_status>
		<wp:post_name><![CDATA[zakra-zip]]></wp:post_name>
		<wp:status><![CDATA[private]]></wp:status>
		<wp:post_parent>0</wp:post_parent>
		<wp:menu_order>0</wp:menu_order>
		<wp:post_type><![CDATA[attachment]]></wp:post_type>
		<wp:post_password><![CDATA[]]></wp:post_password>
		<wp:is_sticky>0</wp:is_sticky>
						<wp:attachment_url><![CDATA[https://zakrademos.com/wp-content/uploads/2022/09/zakra.zip]]></wp:attachment_url>
											<wp:postmeta>
		<wp:meta_key><![CDATA[_wp_attached_file]]></wp:meta_key>
		<wp:meta_value><![CDATA[2022/09/zakra.zip]]></wp:meta_value>
		</wp:postmeta>
							<wp:postmeta>
		<wp:meta_key><![CDATA[_wp_attachment_context]]></wp:meta_key>
		<wp:meta_value><![CDATA[upgrader]]></wp:meta_value>
		</wp:postmeta>
							</item>
					<item>
		<title><![CDATA[Custom Styles]]></title>
		<link>https://zakrademos.com/2022/02/21/wp-global-styles-zakra/</link>
		<pubDate>Mon, 21 Feb 2022 09:56:27 +0000</pubDate>
		<dc:creator><![CDATA[teamthemegrill]]></dc:creator>
		<guid isPermaLink="false">https://zakrademos.com/2022/02/21/wp-global-styles-zakra/</guid>
		<description></description>
		<content:encoded><![CDATA[{"version": 2, "isGlobalStylesUserThemeJSON": true }]]></content:encoded>
		<excerpt:encoded><![CDATA[]]></excerpt:encoded>
		<wp:post_id>230</wp:post_id>
		<wp:post_date><![CDATA[2022-02-21 09:56:27]]></wp:post_date>
		<wp:post_date_gmt><![CDATA[2022-02-21 09:56:27]]></wp:post_date_gmt>
		<wp:post_modified><![CDATA[2022-02-21 09:56:27]]></wp:post_modified>
		<wp:post_modified_gmt><![CDATA[2022-02-21 09:56:27]]></wp:post_modified_gmt>
		<wp:comment_status><![CDATA[closed]]></wp:comment_status>
		<wp:ping_status><![CDATA[closed]]></wp:ping_status>
		<wp:post_name><![CDATA[wp-global-styles-zakra]]></wp:post_name>
		<wp:status><![CDATA[publish]]></wp:status>
		<wp:post_parent>0</wp:post_parent>
		<wp:menu_order>0</wp:menu_order>
		<wp:post_type><![CDATA[wp_global_styles]]></wp:post_type>
		<wp:post_password><![CDATA[]]></wp:post_password>
		<wp:is_sticky>0</wp:is_sticky>
										<category domain="wp_theme" nicename="zakra"><![CDATA[zakra]]></category>
						</item>
					<item>
		<title><![CDATA[My account]]></title>
		<link>https://zakrademos.com/my-account/</link>
		<pubDate>Thu, 11 Aug 2022 08:25:57 +0000</pubDate>
		<dc:creator><![CDATA[rabinstha.me@gmail.com]]></dc:creator>
		<guid isPermaLink="false">https://zakrademos.com/my-account/</guid>
		<description></description>
		<content:encoded><![CDATA[<!-- wp:shortcode -->[woocommerce_my_account]<!-- /wp:shortcode -->]]></content:encoded>
		<excerpt:encoded><![CDATA[]]></excerpt:encoded>
		<wp:post_id>247</wp:post_id>
		<wp:post_date><![CDATA[2022-08-11 08:25:57]]></wp:post_date>
		<wp:post_date_gmt><![CDATA[2022-08-11 08:25:57]]></wp:post_date_gmt>
		<wp:post_modified><![CDATA[2022-08-11 08:25:57]]></wp:post_modified>
		<wp:post_modified_gmt><![CDATA[2022-08-11 08:25:57]]></wp:post_modified_gmt>
		<wp:comment_status><![CDATA[closed]]></wp:comment_status>
		<wp:ping_status><![CDATA[closed]]></wp:ping_status>
		<wp:post_name><![CDATA[my-account]]></wp:post_name>
		<wp:status><![CDATA[publish]]></wp:status>
		<wp:post_parent>0</wp:post_parent>
		<wp:menu_order>0</wp:menu_order>
		<wp:post_type><![CDATA[page]]></wp:post_type>
		<wp:post_password><![CDATA[]]></wp:post_password>
		<wp:is_sticky>0</wp:is_sticky>
														<wp:postmeta>
		<wp:meta_key><![CDATA[rank_math_analytic_object_id]]></wp:meta_key>
		<wp:meta_value><![CDATA[1]]></wp:meta_value>
		</wp:postmeta>
							<wp:postmeta>
		<wp:meta_key><![CDATA[rank_math_internal_links_processed]]></wp:meta_key>
		<wp:meta_value><![CDATA[1]]></wp:meta_value>
		</wp:postmeta>
							</item>
				</channel>
</rss>
	